<?xml version="1.0" encoding="UTF-8"?>
<jcr:root xmlns:sling="http://sling.apache.org/jcr/sling/1.0" xmlns:cq="http://www.day.com/jcr/cq/1.0" xmlns:jcr="http://www.jcp.org/jcr/1.0" xmlns:mix="http://www.jcp.org/jcr/mix/1.0" xmlns:nt="http://www.jcp.org/jcr/nt/1.0"
    jcr:primaryType="cq:Page">
    <jcr:content
        cq:cartPage="/content/we-retail/language-masters/en/user/cart"
        cq:checkoutPage="/content/we-retail/language-masters/en/user/cart"
        cq:contextHubPath="/libs/settings/cloudsettings/legacy/contexthub"
        cq:contextHubSegmentsPath="/conf/we-retail/settings/wcm/segments"
        cq:lastModified="{Date}2017-11-08T14:37:47.046+01:00"
        cq:lastModifiedBy="admin"
        cq:lastReplicated="{Date}2017-03-01T22:33:20.182+01:00"
        cq:lastReplicatedBy="admin"
        cq:lastReplicationAction="Activate"
        cq:template="/conf/we-retail/settings/wcm/templates/hero-page"
        jcr:isCheckedOut="{Boolean}true"
        jcr:mixinTypes="[mix:versionable]"
        jcr:primaryType="cq:PageContent"
        jcr:title="English"
        jcr:uuid="392f0277-45c8-45a8-8786-e12037ad039b"
        sling:resourceType="weretail/components/structure/page"
        navRoot="{Boolean}true">
        <root
            jcr:primaryType="nt:unstructured"
            sling:resourceType="wcm/foundation/components/responsivegrid">
            <hero_image/>
            <responsivegrid
                jcr:primaryType="nt:unstructured"
                sling:resourceType="wcm/foundation/components/responsivegrid">
                <list
                    cq:styleIds="[1508797744638,1508800123708]"
                    jcr:created="{Date}2017-10-24T14:35:17.806+02:00"
                    jcr:createdBy="admin"
                    jcr:lastModified="{Date}2017-11-08T14:37:47.033+01:00"
                    jcr:lastModifiedBy="admin"
                    jcr:primaryType="nt:unstructured"
                    sling:resourceType="weretail/components/content/list"
                    childDepth="1"
                    linkItems="true"
                    listFrom="children"
                    parentPage="/content/we-retail/language-masters/en/experience"
                    showDescription="false"
                    showModificationDate="true"
                    sortOrder="asc"
                    tagsMatch="any"/>
                <section_title_496791378/>
                <category_teaser/>
                <category_teaser_859708776/>
                <category_teaser_465639357/>
                <site_feature/>
                <site_feature_465639357/>
                <site_feature_859708776/>
                <section_title/>
                <products_grid/>
                <section_title_431279162/>
                <articles_list/>
                <section_title_239098915/>
                <products_grid_1773541649/>
                <section_title_239098/>
                <category_teaser_984780047/>
                <category_teaser_305030210/>
                <category_teaser_1388037983/>
            </responsivegrid>
        </root>
    </jcr:content>
    <experience/>
    <men/>
    <women/>
    <equipment/>
    <about-us/>
    <products/>
    <user/>
</jcr:root>
