<?xml version="1.0" encoding="UTF-8"?><afData>
  <afUnboundData>
    <data/>
  </afUnboundData>
  <afBoundData>
    <xdp:xdp xmlns:xdp="http://ns.adobe.com/xdp/">
<xfa:datasets xmlns:xfa="http://www.xfa.org/schema/xfa-data/1.0/">
        <xfa:data>
          <form1>
            <ParentSubform>
              <sampleForm>
                <TextField1>John</TextField1>
              </sampleForm>
              <sampleForm>
                <TextField1>Lisa</TextField1>
              </sampleForm>
            </ParentSubform>
          </form1>
        </xfa:data>
      </xfa:datasets>
    </xdp:xdp>
  </afBoundData>
</afData>
