<?xml version="1.0" encoding="UTF-8"?>
<jcr:root xmlns:oak="http://jackrabbit.apache.org/oak/ns/1.0" xmlns:jcr="http://www.jcp.org/jcr/1.0" xmlns:nt="http://www.jcp.org/jcr/nt/1.0" xmlns:rep="internal"
    jcr:mixinTypes="[rep:AccessControllable]"
    jcr:primaryType="nt:unstructured">
    <cqCloudServiceConfig/>
    <cqMaster/>
    <workflowDataLucene/>
    <jcrLanguage/>
    <event.job.topic/>
    <extensionType/>
    <slingeventEventId/>
    <containeeInstanceId/>
    <damScene7Name/>
    <active/>
    <processingProfile/>
    <counter/>
    <authorizables/>
    <cqDefaultFormFor/>
    <slingResourceSuperType/>
    <cqLastReplicationAction/>
    <cqCugEnabled/>
    <damScene7ID/>
    <cqAcUUID/>
    <campaignpath/>
    <subType/>
    <damS7watch/>
    <acPrincipalName/>
    <fpContentType/>
    <cqVariantFamily/>
    <uuid/>
    <slingVanityPath/>
    <jcrLockOwner/>
    <damAssetLucene
        jcr:primaryType="oak:QueryIndexDefinition"
        async="async"
        compatVersion="{Long}2"
        evaluatePathRestrictions="{Boolean}true"
        reindex="{Boolean}false"
        reindexCount="{Long}1"
        type="lucene">
        <tika jcr:primaryType="nt:unstructured">
            <config.xml/>
        </tika>
    </damAssetLucene>
    <deviceIdentificationMode/>
    <refExpired/>
    <rep:policy/>
    <status/>
    <cqCloudServiceConfigs/>
    <slingResources/>
    <cqPayloadPath/>
    <type/>
    <contentPath/>
    <jcrFrozenMixinTypes/>
    <cqOwnerCanvasPage/>
    <slingResource/>
    <nodetype/>
    <cqTemplate/>
    <ntBaseLucene/>
    <verb/>
    <reference/>
    <cqLastRolledoutBy/>
    <cqParentPath/>
    <lockCreated/>
    <principalName/>
    <cqTagLucene/>
    <lucene
        jcr:primaryType="oak:QueryIndexDefinition"
        async="async"
        includePropertyTypes="[String,Binary]"
        reindex="{Boolean}false"
        reindexCount="{Long}1"
        type="lucene">
        <tika jcr:primaryType="nt:unstructured">
            <config.xml/>
        </tika>
    </lucene>
    <guideComponentType/>
    <slingAlias/>
    <damResolvedPath/>
    <authorizableId/>
    <cqPageLucene/>
    <slingResourceType/>
    <cqKeywords/>
    <damStatus/>
</jcr:root>
