<?xml version="1.0" encoding="UTF-8"?>
<jcr:root xmlns:sling="http://sling.apache.org/jcr/sling/1.0" xmlns:fdm="http://www.adobe.com/aemfd/fdm/1.0" xmlns:jcr="http://www.jcp.org/jcr/1.0" xmlns:nt="http://www.jcp.org/jcr/nt/1.0"
    jcr:primaryType="sling:Folder">
    <jcr:content
        jcr:primaryType="nt:unstructured"
        name="creditcarddetails"
        rendition.handler.id="fdm.structure"
        title="CustomerAccountFDM">
        <definitions jcr:primaryType="nt:unstructured">
            <account_1507709387480
                fdm:binaryEntity="{Boolean}false"
                fdm:bindRef="account"
                fdm:defaultBinaryEntity="{Boolean}false"
                fdm:genericOperationAllowed="{Boolean}true"
                fdm:rootEntity="{Boolean}false"
                fdm:schemaName="testfdmschema"
                fdm:source="source1"
                jcr:primaryType="nt:unstructured"
                id="account_1507709387480"
                name="account"
                required="[accNum]">
                <links jcr:primaryType="nt:unstructured">
                    <get_1507710113149
                        fdm:source="source1"
                        jcr:primaryType="nt:unstructured"
                        description="fetch specified table data "
                        genericOperation="{Boolean}true"
                        id="get_1507710113149"
                        method="GET"
                        name="get"
                        rel="transaction_transaction_1507709514814">
                        <fdm:data
                            jcr:primaryType="nt:unstructured"
                            accNum="${dataset.account_1507709387480.accNum}"/>
                        <schema
                            fdm:bindRef="schema"
                            fdm:computed="{Boolean}false"
                            fdm:nullable="{Boolean}true"
                            fdm:primaryKey="{Boolean}false"
                            fdm:protected="{Boolean}false"
                            fdm:required="{Boolean}false"
                            jcr:primaryType="nt:unstructured"
                            name="schema"
                            type="object">
                            <properties jcr:primaryType="nt:unstructured">
                                <accNum
                                    fdm:bindRef="accNum"
                                    fdm:computed="{Boolean}false"
                                    fdm:nullable="{Boolean}true"
                                    fdm:primaryKey="{Boolean}false"
                                    fdm:protected="{Boolean}false"
                                    fdm:required="{Boolean}true"
                                    jcr:primaryType="nt:unstructured"
                                    default=""
                                    description=""
                                    format="int32"
                                    name="accNum"
                                    title="accNum"
                                    type="number"/>
                            </properties>
                        </schema>
                        <targetSchema
                            fdm:bindRef="transaction"
                            fdm:computed="{Boolean}false"
                            fdm:nullable="{Boolean}true"
                            fdm:primaryKey="{Boolean}false"
                            fdm:protected="{Boolean}false"
                            fdm:required="{Boolean}false"
                            jcr:primaryType="nt:unstructured"
                            name="transaction"
                            type="array">
                            <items
                                fdm:binaryEntity="{Boolean}false"
                                fdm:bindRef="items"
                                fdm:defaultBinaryEntity="{Boolean}false"
                                fdm:genericOperationAllowed="{Boolean}false"
                                fdm:rootEntity="{Boolean}true"
                                jcr:primaryType="nt:unstructured"
                                _x0024_ref="transaction_1507709387480"
                                name="items">
                                <links jcr:primaryType="nt:unstructured"/>
                            </items>
                        </targetSchema>
                    </get_1507710113149>
                </links>
                <properties jcr:primaryType="nt:unstructured">
                    <accNum
                        fdm:bindRef="accNum"
                        fdm:computed="{Boolean}false"
                        fdm:nullable="{Boolean}false"
                        fdm:primaryKey="{Boolean}true"
                        fdm:protected="{Boolean}false"
                        fdm:required="{Boolean}true"
                        jcr:primaryType="nt:unstructured"
                        format="int32"
                        name="accNum"
                        type="integer"/>
                    <custId
                        fdm:bindRef="custId"
                        fdm:computed="{Boolean}false"
                        fdm:nullable="{Boolean}true"
                        fdm:primaryKey="{Boolean}false"
                        fdm:protected="{Boolean}false"
                        fdm:required="{Boolean}false"
                        jcr:primaryType="nt:unstructured"
                        format="int32"
                        name="custId"
                        type="integer"/>
                    <expiryDate
                        fdm:bindRef="expiryDate"
                        fdm:computed="{Boolean}false"
                        fdm:nullable="{Boolean}true"
                        fdm:primaryKey="{Boolean}false"
                        fdm:protected="{Boolean}false"
                        fdm:required="{Boolean}false"
                        jcr:primaryType="nt:unstructured"
                        format="date-time"
                        name="expiryDate"
                        type="string"/>
                    <acctStatment
                        fdm:bindRef="acctStatment"
                        fdm:computed="{Boolean}false"
                        fdm:nullable="{Boolean}true"
                        fdm:primaryKey="{Boolean}false"
                        fdm:protected="{Boolean}false"
                        fdm:required="{Boolean}false"
                        jcr:primaryType="nt:unstructured"
                        format="int32"
                        name="acctStatment"
                        type="integer"/>
                    <totalPoint
                        fdm:bindRef="totalPoint"
                        fdm:computed="{Boolean}false"
                        fdm:nullable="{Boolean}true"
                        fdm:primaryKey="{Boolean}false"
                        fdm:protected="{Boolean}false"
                        fdm:required="{Boolean}false"
                        jcr:primaryType="nt:unstructured"
                        format="int32"
                        name="totalPoint"
                        type="integer"/>
                    <transaction_transaction_1507709514814
                        fdm:bindRef="transaction"
                        fdm:computed="{Boolean}false"
                        fdm:nullable="{Boolean}true"
                        fdm:primaryKey="{Boolean}false"
                        fdm:protected="{Boolean}false"
                        fdm:required="{Boolean}false"
                        jcr:primaryType="nt:unstructured"
                        id="transaction_transaction_1507709514814"
                        name="transaction"
                        title="transaction"
                        type="array">
                        <items
                            fdm:binaryEntity="{Boolean}false"
                            fdm:bindRef="items"
                            fdm:defaultBinaryEntity="{Boolean}false"
                            fdm:genericOperationAllowed="{Boolean}false"
                            fdm:rootEntity="{Boolean}true"
                            jcr:primaryType="nt:unstructured"
                            _x0024_ref="transaction_1507709387480"
                            name="items">
                            <links jcr:primaryType="nt:unstructured"/>
                        </items>
                    </transaction_transaction_1507709514814>
                    <creditcardNum
                        fdm:bindRef="creditcardNum"
                        fdm:computed="{Boolean}false"
                        fdm:nullable="{Boolean}true"
                        fdm:primaryKey="{Boolean}false"
                        fdm:protected="{Boolean}false"
                        fdm:required="{Boolean}false"
                        jcr:primaryType="nt:unstructured"
                        maxLength="{Double}25.0"
                        name="creditcardNum"
                        type="string"/>
                </properties>
            </account_1507709387480>
            <customer_1507709387480
                fdm:binaryEntity="{Boolean}false"
                fdm:bindRef="customer"
                fdm:defaultBinaryEntity="{Boolean}false"
                fdm:genericOperationAllowed="{Boolean}true"
                fdm:rootEntity="{Boolean}true"
                fdm:schemaName="testfdmschema"
                fdm:source="source1"
                jcr:primaryType="nt:unstructured"
                id="customer_1507709387480"
                name="customer"
                required="[id,ZIP]">
                <links jcr:primaryType="nt:unstructured">
                    <get_1507714952246
                        fdm:source="source1"
                        jcr:primaryType="nt:unstructured"
                        description="fetch specified table data "
                        genericOperation="{Boolean}true"
                        id="get_1507714952246"
                        method="GET"
                        name="get"
                        rel="account_account_1507709480363">
                        <fdm:data
                            jcr:primaryType="nt:unstructured"
                            custId="${dataset.customer_1507709387480.id}"/>
                        <schema
                            fdm:bindRef="schema"
                            fdm:computed="{Boolean}false"
                            fdm:nullable="{Boolean}true"
                            fdm:primaryKey="{Boolean}false"
                            fdm:protected="{Boolean}false"
                            fdm:required="{Boolean}false"
                            jcr:primaryType="nt:unstructured"
                            name="schema"
                            type="object">
                            <properties jcr:primaryType="nt:unstructured">
                                <custId
                                    fdm:bindRef="custId"
                                    fdm:computed="{Boolean}false"
                                    fdm:nullable="{Boolean}true"
                                    fdm:primaryKey="{Boolean}false"
                                    fdm:protected="{Boolean}false"
                                    fdm:required="{Boolean}true"
                                    jcr:primaryType="nt:unstructured"
                                    default=""
                                    description=""
                                    format="int32"
                                    name="custId"
                                    title="custId"
                                    type="number"/>
                            </properties>
                        </schema>
                        <targetSchema
                            fdm:bindRef="account"
                            fdm:computed="{Boolean}false"
                            fdm:nullable="{Boolean}true"
                            fdm:primaryKey="{Boolean}false"
                            fdm:protected="{Boolean}false"
                            fdm:required="{Boolean}false"
                            jcr:primaryType="nt:unstructured"
                            _x0024_ref="account_1507709387480"
                            name="account"
                            type="object"/>
                    </get_1507714952246>
                    <get_1549270052271
                        fdm:source="source1"
                        jcr:primaryType="nt:unstructured"
                        description="fetch specified table data "
                        genericOperation="{Boolean}true"
                        id="get_1549270052271"
                        method="GET"
                        name="get"
                        rel="self">
                        <fdm:data
                            jcr:primaryType="nt:unstructured"
                            id="${request.attribute.id}"/>
                        <schema
                            fdm:bindRef="schema"
                            fdm:computed="{Boolean}false"
                            fdm:nullable="{Boolean}true"
                            fdm:primaryKey="{Boolean}false"
                            fdm:protected="{Boolean}false"
                            fdm:required="{Boolean}false"
                            jcr:primaryType="nt:unstructured"
                            name="schema"
                            type="object">
                            <properties jcr:primaryType="nt:unstructured">
                                <id
                                    fdm:bindRef="id"
                                    fdm:computed="{Boolean}false"
                                    fdm:nullable="{Boolean}true"
                                    fdm:primaryKey="{Boolean}true"
                                    fdm:protected="{Boolean}false"
                                    fdm:required="{Boolean}true"
                                    jcr:primaryType="nt:unstructured"
                                    default=""
                                    description=""
                                    format="int32"
                                    name="id"
                                    title=""
                                    type="number"/>
                            </properties>
                        </schema>
                        <targetSchema
                            fdm:bindRef="customer"
                            fdm:computed="{Boolean}false"
                            fdm:nullable="{Boolean}true"
                            fdm:primaryKey="{Boolean}false"
                            fdm:protected="{Boolean}false"
                            fdm:required="{Boolean}false"
                            jcr:primaryType="nt:unstructured"
                            _x0024_ref="customer_1507709387480"
                            name="customer"
                            type="object"/>
                    </get_1549270052271>
                    <insert_1549270052271
                        fdm:source="source1"
                        jcr:primaryType="nt:unstructured"
                        description="Insert new row in specified table"
                        genericOperation="{Boolean}true"
                        id="insert_1549270052271"
                        method="POST"
                        name="insert"
                        rel="self">
                        <fdm:data jcr:primaryType="nt:unstructured"/>
                        <schema
                            fdm:bindRef="schema"
                            fdm:computed="{Boolean}false"
                            fdm:nullable="{Boolean}true"
                            fdm:primaryKey="{Boolean}false"
                            fdm:protected="{Boolean}false"
                            fdm:required="{Boolean}false"
                            jcr:primaryType="nt:unstructured"
                            name="schema"
                            type="object">
                            <properties jcr:primaryType="nt:unstructured">
                                <customer
                                    fdm:bindRef="customer"
                                    fdm:computed="{Boolean}false"
                                    fdm:nullable="{Boolean}true"
                                    fdm:primaryKey="{Boolean}false"
                                    fdm:protected="{Boolean}false"
                                    fdm:required="{Boolean}true"
                                    jcr:primaryType="nt:unstructured"
                                    _x0024_ref="customer_1507709387480"
                                    name="customer"
                                    title="customer"
                                    type="object"/>
                            </properties>
                        </schema>
                        <targetSchema
                            fdm:bindRef="result"
                            fdm:computed="{Boolean}false"
                            fdm:nullable="{Boolean}true"
                            fdm:primaryKey="{Boolean}false"
                            fdm:protected="{Boolean}false"
                            fdm:required="{Boolean}false"
                            jcr:primaryType="nt:unstructured"
                            description="Insert action status"
                            name="result"
                            type="boolean"/>
                    </insert_1549270052271>
                </links>
                <properties jcr:primaryType="nt:unstructured">
                    <id
                        fdm:bindRef="id"
                        fdm:computed="{Boolean}false"
                        fdm:nullable="{Boolean}false"
                        fdm:primaryKey="{Boolean}true"
                        fdm:protected="{Boolean}false"
                        fdm:required="{Boolean}true"
                        jcr:primaryType="nt:unstructured"
                        format="int32"
                        name="id"
                        type="integer"/>
                    <name
                        fdm:bindRef="name"
                        fdm:computed="{Boolean}false"
                        fdm:nullable="{Boolean}true"
                        fdm:primaryKey="{Boolean}false"
                        fdm:protected="{Boolean}false"
                        fdm:required="{Boolean}false"
                        jcr:primaryType="nt:unstructured"
                        maxLength="{Double}45.0"
                        name="name"
                        type="string"/>
                    <age
                        fdm:bindRef="age"
                        fdm:computed="{Boolean}false"
                        fdm:nullable="{Boolean}true"
                        fdm:primaryKey="{Boolean}false"
                        fdm:protected="{Boolean}false"
                        fdm:required="{Boolean}false"
                        jcr:primaryType="nt:unstructured"
                        format="int32"
                        name="age"
                        type="integer"/>
                    <dob
                        fdm:bindRef="dob"
                        fdm:computed="{Boolean}false"
                        fdm:nullable="{Boolean}true"
                        fdm:primaryKey="{Boolean}false"
                        fdm:protected="{Boolean}false"
                        fdm:required="{Boolean}false"
                        jcr:primaryType="nt:unstructured"
                        format="date-time"
                        name="dob"
                        type="string"/>
                    <mobileNo
                        fdm:bindRef="mobileNo"
                        fdm:computed="{Boolean}false"
                        fdm:nullable="{Boolean}true"
                        fdm:primaryKey="{Boolean}false"
                        fdm:protected="{Boolean}false"
                        fdm:required="{Boolean}false"
                        jcr:primaryType="nt:unstructured"
                        format="double"
                        name="mobileNo"
                        type="number"/>
                    <ZIP
                        fdm:bindRef="ZIP"
                        fdm:computed="{Boolean}false"
                        fdm:nullable="{Boolean}false"
                        fdm:primaryKey="{Boolean}false"
                        fdm:protected="{Boolean}false"
                        fdm:required="{Boolean}true"
                        jcr:primaryType="nt:unstructured"
                        format="int32"
                        name="ZIP"
                        type="integer"/>
                    <profilePicture
                        fdm:bindRef="profilePicture"
                        fdm:computed="{Boolean}false"
                        fdm:nullable="{Boolean}true"
                        fdm:primaryKey="{Boolean}false"
                        fdm:protected="{Boolean}false"
                        fdm:required="{Boolean}false"
                        jcr:primaryType="nt:unstructured"
                        format="binary"
                        name="profilePicture"
                        type="string"/>
                    <account_account_1507709480363
                        fdm:bindRef="account"
                        fdm:computed="{Boolean}false"
                        fdm:nullable="{Boolean}true"
                        fdm:primaryKey="{Boolean}false"
                        fdm:protected="{Boolean}false"
                        fdm:required="{Boolean}false"
                        jcr:primaryType="nt:unstructured"
                        _x0024_ref="account_1507709387480"
                        id="account_account_1507709480363"
                        name="account"
                        title="account"
                        type="object"/>
                </properties>
            </customer_1507709387480>
            <transaction_1507709387480
                fdm:binaryEntity="{Boolean}false"
                fdm:bindRef="transaction"
                fdm:defaultBinaryEntity="{Boolean}false"
                fdm:genericOperationAllowed="{Boolean}true"
                fdm:rootEntity="{Boolean}false"
                fdm:schemaName="testfdmschema"
                fdm:source="source1"
                jcr:primaryType="nt:unstructured"
                id="transaction_1507709387480"
                name="transaction"
                required="[TransId]">
                <links jcr:primaryType="nt:unstructured"/>
                <properties jcr:primaryType="nt:unstructured">
                    <TransDate
                        fdm:bindRef="TransDate"
                        fdm:computed="{Boolean}false"
                        fdm:nullable="{Boolean}true"
                        fdm:primaryKey="{Boolean}false"
                        fdm:protected="{Boolean}false"
                        fdm:required="{Boolean}false"
                        jcr:primaryType="nt:unstructured"
                        format="date-time"
                        name="TransDate"
                        type="string"/>
                    <TransAmount
                        fdm:bindRef="TransAmount"
                        fdm:computed="{Boolean}false"
                        fdm:nullable="{Boolean}true"
                        fdm:primaryKey="{Boolean}false"
                        fdm:protected="{Boolean}false"
                        fdm:required="{Boolean}false"
                        jcr:primaryType="nt:unstructured"
                        format="int32"
                        name="TransAmount"
                        type="integer"/>
                    <accNum
                        fdm:bindRef="accNum"
                        fdm:computed="{Boolean}false"
                        fdm:nullable="{Boolean}true"
                        fdm:primaryKey="{Boolean}false"
                        fdm:protected="{Boolean}false"
                        fdm:required="{Boolean}false"
                        jcr:primaryType="nt:unstructured"
                        format="int32"
                        name="accNum"
                        type="integer"/>
                    <Comment
                        fdm:bindRef="Comment"
                        fdm:computed="{Boolean}false"
                        fdm:nullable="{Boolean}true"
                        fdm:primaryKey="{Boolean}false"
                        fdm:protected="{Boolean}false"
                        fdm:required="{Boolean}false"
                        jcr:primaryType="nt:unstructured"
                        maxLength="{Double}45.0"
                        name="Comment"
                        type="string"/>
                    <Type
                        fdm:bindRef="Type"
                        fdm:computed="{Boolean}false"
                        fdm:nullable="{Boolean}true"
                        fdm:primaryKey="{Boolean}false"
                        fdm:protected="{Boolean}false"
                        fdm:required="{Boolean}false"
                        jcr:primaryType="nt:unstructured"
                        maxLength="{Double}45.0"
                        name="Type"
                        type="string"/>
                    <TransId
                        fdm:bindRef="TransId"
                        fdm:computed="{Boolean}false"
                        fdm:nullable="{Boolean}false"
                        fdm:primaryKey="{Boolean}true"
                        fdm:protected="{Boolean}false"
                        fdm:required="{Boolean}true"
                        jcr:primaryType="nt:unstructured"
                        format="int32"
                        name="TransId"
                        type="integer"/>
                </properties>
            </transaction_1507709387480>
        </definitions>
        <links jcr:primaryType="nt:unstructured">
            <get_15077284835260
                fdm:source="source1"
                jcr:primaryType="nt:unstructured"
                description="fetch specified table data "
                genericOperation="{Boolean}true"
                id="get_15077284835260"
                method="GET"
                name="get"
                rel="customer_1507709387480"
                title="getCustomerDetails">
                <fdm:data jcr:primaryType="nt:unstructured"/>
                <schema
                    fdm:bindRef="schema"
                    fdm:computed="{Boolean}false"
                    fdm:nullable="{Boolean}true"
                    fdm:primaryKey="{Boolean}false"
                    fdm:protected="{Boolean}false"
                    fdm:required="{Boolean}false"
                    jcr:primaryType="nt:unstructured"
                    name="schema"
                    type="object">
                    <properties jcr:primaryType="nt:unstructured">
                        <id
                            fdm:bindRef="id"
                            fdm:computed="{Boolean}false"
                            fdm:nullable="{Boolean}true"
                            fdm:primaryKey="{Boolean}true"
                            fdm:protected="{Boolean}false"
                            fdm:required="{Boolean}true"
                            jcr:primaryType="nt:unstructured"
                            format="int32"
                            name="id"
                            type="number"/>
                    </properties>
                </schema>
                <targetSchema
                    fdm:bindRef="customer"
                    fdm:computed="{Boolean}false"
                    fdm:nullable="{Boolean}true"
                    fdm:primaryKey="{Boolean}false"
                    fdm:protected="{Boolean}false"
                    fdm:required="{Boolean}false"
                    jcr:primaryType="nt:unstructured"
                    name="customer"
                    type="array">
                    <items
                        fdm:binaryEntity="{Boolean}false"
                        fdm:bindRef="items"
                        fdm:defaultBinaryEntity="{Boolean}false"
                        fdm:genericOperationAllowed="{Boolean}false"
                        fdm:rootEntity="{Boolean}true"
                        jcr:primaryType="nt:unstructured"
                        _x0024_ref="customer_1507709387480"
                        name="items">
                        <links jcr:primaryType="nt:unstructured"/>
                    </items>
                </targetSchema>
            </get_15077284835260>
        </links>
        <properties jcr:primaryType="nt:unstructured">
            <customer_1507709387480
                fdm:computed="{Boolean}false"
                fdm:nullable="{Boolean}true"
                fdm:protected="{Boolean}false"
                fdm:required="{Boolean}false"
                jcr:primaryType="nt:unstructured"
                _x0024_ref="customer_1507709387480"
                name="customer_1507709387480"/>
        </properties>
    </jcr:content>
</jcr:root>
