<?xml version="1.0" encoding="UTF-8"?>
<jcr:root xmlns:sling="http://sling.apache.org/jcr/sling/1.0" xmlns:jcr="http://www.jcp.org/jcr/1.0" xmlns:mix="http://www.jcp.org/jcr/mix/1.0" xmlns:rep="internal"
    jcr:mixinTypes="[mix:lockable,rep:AccessControllable]"
    jcr:primaryType="sling:OrderedFolder">
    <rep:policy/>
    <jcr:content/>
    <mobileapps/>
    <collections/>
    <geometrixx-outdoors/>
    <geometrixx/>
    <geometrixx-media/>
    <geometrixx-unlimited/>
    <formsanddocuments/>
    <projects/>
    <_x0034__x0020_-_x0020_1_x0020_-_x0020_The_x0020_Matrix-_x0020_What_x0020_is_x0020_a_x0020_matrix-.mp4/>
    <geometrixx-gov/>
</jcr:root>
