<?xml version="1.0" encoding="UTF-8" ?>
<!--
 Licensed to the Apache Software Foundation (ASF) under one or more
 contributor license agreements.  See the NOTICE file distributed with
 this work for additional information regarding copyright ownership.
 The ASF licenses this file to You under the Apache License, Version 2.0
 (the "License"); you may not use this file except in compliance with
 the License.  You may obtain a copy of the License at

     http://www.apache.org/licenses/LICENSE-2.0

 Unless required by applicable law or agreed to in writing, software
 distributed under the License is distributed on an "AS IS" BASIS,
 WITHOUT WARRANTIES OR CONDITIONS OF ANY KIND, either express or implied.
 See the License for the specific language governing permissions and
 limitations under the License.
-->
<schema name="minimal" version="1.5">
  <types>
    <fieldType name="string" class="solr.StrField" sortMissingLast="true"/>
    <fieldType name="descendent_path" class="solr.TextField">
      <analyzer type="index">
        <tokenizer class="solr.PathHierarchyTokenizerFactory" delimiter="/" />
        <filter class="solr.PatternCaptureGroupFilterFactory" pattern="((/).*)" preserve_original="false"/>
        <filter class="solr.RemoveDuplicatesTokenFilterFactory" />
      </analyzer>
      <analyzer type="query">
        <tokenizer class="solr.KeywordTokenizerFactory" />
      </analyzer>
    </fieldType>
    <fieldType name="children_path" class="solr.TextField">
      <analyzer type="index">
        <tokenizer class="solr.KeywordTokenizerFactory"/>
        <filter class="solr.ReverseStringFilterFactory" />
        <filter class="solr.LengthFilterFactory" min="2" max="2147483647"/>
        <filter class="solr.PatternReplaceFilterFactory" pattern="([^\/]+)(\/)" replacement="$2" replace="first"/>
        <filter class="solr.PatternReplaceFilterFactory" pattern="(\/)(.+)" replacement="$2" replace="first"/>
        <filter class="solr.ReverseStringFilterFactory" />
      </analyzer>
      <analyzer type="query">
        <tokenizer class="solr.KeywordTokenizerFactory" />
      </analyzer>
    </fieldType>
    <fieldType name="parent_path" class="solr.TextField">
      <analyzer type="index">
        <tokenizer class="solr.KeywordTokenizerFactory" />
      </analyzer>
      <analyzer type="query">
        <tokenizer class="solr.KeywordTokenizerFactory"/>
        <filter class="solr.ReverseStringFilterFactory" />
        <filter class="solr.PatternReplaceFilterFactory" pattern="[^\/]+\/" replacement="" replace="first"/>
        <filter class="solr.ReverseStringFilterFactory" />
      </analyzer>
    </fieldType>
    <fieldType name="text_keepcase" class="solr.TextField" positionIncrementGap="100">
      <analyzer type="index">
        <tokenizer class="solr.ClassicTokenizerFactory" maxTokenLength="100000"/>
      </analyzer>
      <analyzer type="query">
        <tokenizer class="solr.ClassicTokenizerFactory" maxTokenLength="100000"/>
      </analyzer>
    </fieldType>
    <fieldType name="text_general" class="solr.TextField" positionIncrementGap="100">
      <analyzer type="index">
        <tokenizer class="solr.ClassicTokenizerFactory" maxTokenLength="100000"/>
        <filter class="solr.LowerCaseFilterFactory"/>
      </analyzer>
      <analyzer type="query">
        <tokenizer class="solr.ClassicTokenizerFactory" maxTokenLength="100000"/>
        <filter class="solr.LowerCaseFilterFactory"/>
      </analyzer>
    </fieldType>
    <fieldType name="text" class="solr.TextField" positionIncrementGap="100">
      <analyzer type="index">
        <tokenizer class="solr.StandardTokenizerFactory" maxTokenLength="100000"/>
        <filter class="solr.LowerCaseFilterFactory"/>
      </analyzer>
      <analyzer type="query">
        <tokenizer class="solr.StandardTokenizerFactory" maxTokenLength="100000"/>
        <filter class="solr.LowerCaseFilterFactory"/>
      </analyzer>
    </fieldType>

    <fieldType name="boolean" class="solr.BoolField" sortMissingLast="true"/>

    <fieldType name="int" class="solr.TrieIntField" precisionStep="0" positionIncrementGap="0"/>
    <fieldType name="float" class="solr.TrieFloatField" precisionStep="0" positionIncrementGap="0"/>
    <fieldType name="long" class="solr.TrieLongField" precisionStep="0" positionIncrementGap="0"/>
    <fieldType name="double" class="solr.TrieDoubleField" precisionStep="0" positionIncrementGap="0"/>

    <fieldType name="tint" class="solr.TrieIntField" precisionStep="8" positionIncrementGap="0"/>
    <fieldType name="tfloat" class="solr.TrieFloatField" precisionStep="8" positionIncrementGap="0"/>
    <fieldType name="tlong" class="solr.TrieLongField" precisionStep="8" positionIncrementGap="0"/>
    <fieldType name="tdouble" class="solr.TrieDoubleField" precisionStep="8" positionIncrementGap="0"/>
    <fieldType name="date" class="solr.TrieDateField" precisionStep="0" positionIncrementGap="0"/>

    <fieldtype name="binary" class="solr.BinaryField"/>

    <fieldType name="pint" class="solr.IntField"/>
    <fieldType name="plong" class="solr.LongField"/>
    <fieldType name="pfloat" class="solr.FloatField"/>
    <fieldType name="pdouble" class="solr.DoubleField"/>
    <fieldType name="pdate" class="solr.DateField" sortMissingLast="true"/>

    <fieldType name="currency" class="solr.CurrencyField" precisionStep="8" defaultCurrency="USD" currencyConfig="currency.xml" />
    <fieldtype name="ignored" stored="false" indexed="false" multiValued="true" class="solr.StrField"/>
    <fieldType name="matchall" indexed="true" stored="false" multiValued="true" class="solr.TextField" positionIncrementGap="100">
            <analyzer>
                <tokenizer class="solr.KeywordTokenizerFactory"/>
                <filter class="solr.PatternReplaceFilterFactory" pattern="(.*)" replacement="1976-03-06T23:59:59.999Z" replace="first"/>
            </analyzer>
    </fieldType>
    <fieldType name="matchall2" indexed="true" stored="false" multiValued="true" class="solr.TextField" positionIncrementGap="100">
            <analyzer>
                <tokenizer class="solr.KeywordTokenizerFactory"/>
                <filter class="solr.PatternReplaceFilterFactory" pattern="(.*)" replacement="2076-03-06T23:59:59.999Z" replace="first"/>
            </analyzer>
    </fieldType>
    <fieldtype name="nodetype" class="solr.TextField">
        <analyzer type="index">
            <tokenizer class="solr.KeywordTokenizerFactory"/>
            <filter class="solr.SynonymFilterFactory" synonyms="pt-synonyms.txt" expand="true"/>
        </analyzer>
        <analyzer type="query">
            <tokenizer class="solr.KeywordTokenizerFactory"/>
            <filter class="solr.SynonymFilterFactory" synonyms="pt-synonyms.txt" expand="true"/>
        </analyzer>
    </fieldtype>
  </types>
  <fields>
    <!-- oak solr integration specific fields -->
    <field name="path_exact" type="string" indexed="true" stored="true"/>
    <field name="path_child" type="children_path" indexed="true" stored="false"/>
    <field name="path_anc" type="parent_path" indexed="true" stored="false"/>
    <field name="path_des" type="descendent_path" indexed="true" stored="false"/>
    <field name="catch_all" type="text_general" indexed="true" stored="false" multiValued="true"/>

    <field name="_version_" type="long" indexed="true" stored="true"/>

    <!-- AEM 6.0 ignored props -->
    <field name="event.job.application" type="matchall"/>    
    <field name="cq:deviceIdentificationMode" type="matchall" />    
    <dynamicField name="slingevent*" type="matchall" />
    <field name="status" type="matchall" />
    <field name="cq:master" type="matchall" />
    <field name="jcr:language" type="matchall" />
    <field name="event.job.topic" type="matchall" />
    <field name="extensionType" type="matchall" />
    <field name="containeeInstanceId" type="matchall" />
    <field name="cq:defaultFormFor" type="matchall" />
    <field name="xmpMM:DocumentId" type="matchall" />
    <field name="sling:resourceSuperType" type="matchall" />
    <field name="cq:lastReplicationAction" type="matchall" />
    <field name="cq:cugEnabled" type="matchall" />
    <field name="dam:scene7ID" type="matchall" />
    <field name="onTime" type="matchall2" />
    <field name="offTime" type="matchall2" />
    <field name="dam:s7Swatch" type="matchall" />
    <field name="xmpMM:InstanceId" type="matchall" />
    <field name="fpContentType" type="matchall" />
    <field name="cq:variantFamily" type="matchall" />
    <field name="cq:tags" type="matchall" />
    <field name="jcr:uuid" type="matchall" />
    <field name="sling:vanityPath" type="matchall" />
    <field name="jcr:lockOwner" type="matchall" />
    <field name="cq:cloudseviceconfigs" type="matchall" />
    <field name="sling:resources" type="matchall" />
    <field name="contentPath" type="matchall" />
    <field name="cq:ownerCanvasPage" type="matchall" />
    <field name="sling:resource" type="matchall" />
    <field name="type" type="matchall" />
    <field name="cq:template" type="matchall" />
    <field name="verb" type="matchall" />
    <field name="reference" type="matchall" />
    <field name="dc:format" type="matchall" />
    <field name="cq:lastRolledoutBy" type="matchall" />
    <field name="cq:parentPath" type="matchall" />
    <field name="lock.created" type="matchall" />
    <field name="videoCodec" type="matchall" />
    <field name="dam:sha1" type="matchall" />
    <field name="guideComponentType" type="matchall" />
    <field name="sling:alias" type="matchall" />
    <field name="dam:resolvedPAth" type="matchall" />
    <field name="rep:authorizableId" type="matchall" />
    <field name="sling:resourceType" type="matchall" />
    <field name="cq:keywords" type="matchall" />
    <field name="dam:status" type="matchall" />
    <field name="cq:lastModified" type="matchall" />

    <field name="jcr:primaryType" type="nodetype" indexed="true" stored="true" multiValued="true"/>
    <field name="rep:members" type="string" indexed="true" stored="true" multiValued="true"/>
    <field name="rep:principalName" type="string" indexed="true" stored="true" multiValued="true"/>
    <dynamicField name="*_bin" type="string" indexed="true" stored="true" multiValued="true"/> 

    <!-- all other fields -->
    <dynamicField name="*" type="text_general" indexed="true" stored="true" multiValued="true"/> 


  </fields>
  <uniqueKey>path_exact</uniqueKey>
  <copyField source="path_exact" dest="path_anc"/>
  <copyField source="path_exact" dest="path_des"/>
  <copyField source="path_exact" dest="path_child"/>

  <copyField source="*" dest="catch_all"/>
  
</schema>
