<?xml version="1.0" encoding="UTF-8"?>
<jcr:root xmlns:sling="http://sling.apache.org/jcr/sling/1.0" xmlns:cq="http://www.day.com/jcr/cq/1.0" xmlns:jcr="http://www.jcp.org/jcr/1.0" xmlns:nt="http://www.jcp.org/jcr/nt/1.0"
    jcr:primaryType="nt:unstructured"
    jcr:title="Text"
    sling:resourceType="cq/gui/components/authoring/dialog"
    helpPath="https://www.adobe.com/go/aem6_2_docs_component_en#Text">
    <content
        jcr:primaryType="nt:unstructured"
        sling:resourceType="granite/ui/components/foundation/container">
        <items jcr:primaryType="nt:unstructured">
            <tabs
                jcr:primaryType="nt:unstructured"
                sling:resourceType="granite/ui/components/foundation/container">
                <layout
                    jcr:primaryType="nt:unstructured"
                    sling:resourceType="granite/ui/components/foundation/layouts/tabs"
                    type="nav"/>
                <items jcr:primaryType="nt:unstructured">
                    <text
                        jcr:primaryType="nt:unstructured"
                        jcr:title="Text"
                        sling:resourceType="granite/ui/components/foundation/section">
                        <layout
                            jcr:primaryType="nt:unstructured"
                            sling:resourceType="granite/ui/components/foundation/layouts/fixedcolumns"
                            margin="{Boolean}false"/>
                        <items jcr:primaryType="nt:unstructured">
                            <column
                                jcr:primaryType="nt:unstructured"
                                sling:resourceType="granite/ui/components/foundation/container">
                                <items jcr:primaryType="nt:unstructured">
                                    <text
                                        jcr:primaryType="nt:unstructured"
                                        sling:resourceType="cq/gui/components/authoring/dialog/richtext"
                                        externalStyleSheets="[/etc/designs/geometrixx/static.css]"
                                        name="./text"
                                        useFixedInlineToolbar="{Boolean}true">
                                        <uiSettings jcr:primaryType="nt:unstructured">
                                            <cui jcr:primaryType="nt:unstructured">
                                                <dialogFullScreen
                                                    jcr:primaryType="nt:unstructured"
                                                    toolbar="[format#bold,format#italic,format#underline,subsuperscript#subscript,subsuperscript#superscript,edit#cut,edit#copy,edit#paste-default,edit#paste-plaintext,edit#paste-wordhtml,links#modifylink,links#unlink,links#modifylink,links#unlink,links#anchor,findreplace#find,findreplace#replace,undo#undo,undo#redo,justify#justifyleft,justify#justifycenter,justify#justifyright,lists#unordered,lists#ordered,lists#outdent,lists#indent,table#createoredit,image#imageProps,spellcheck#checktext,generichtml#generichtml,misctools#specialchars,misctools#sourceedit,#styles,#paraformat]">
                                                    <popovers jcr:primaryType="nt:unstructured">
                                                        <paraformat
                                                            jcr:primaryType="nt:unstructured"
                                                            items="paraformat:getFormats:paraformat-pulldown"
                                                            ref="paraformat"/>
                                                    </popovers>
                                                </dialogFullScreen>
                                                <tableEditOptions
                                                    jcr:primaryType="nt:unstructured"
                                                    toolbar="[table#insertcolumn-before,table#insertcolumn-after,table#removecolumn,-,table#insertrow-before,table#insertrow-after,table#removerow,-,table#mergecells-right,table#mergecells-down,table#mergecells,table#splitcell-horizontal,table#splitcell-vertical,-,table#selectrow,table#selectcolumn,-,table#ensureparagraph,-,table#modifytableandcell,table#removetable,-,undo#undo,undo#redo,-,table#exitTableEditing,-]"/>
                                                <inline
                                                    jcr:primaryType="nt:unstructured"
                                                    toolbar="[format#bold,format#italic,format#underline,#justify,#lists,links#modifylink,links#unlink,#paraformat]">
                                                    <popovers jcr:primaryType="nt:unstructured">
                                                        <justify
                                                            jcr:primaryType="nt:unstructured"
                                                            items="[justify#justifyleft,justify#justifycenter,justify#justifyright]"
                                                            ref="justify"/>
                                                        <lists
                                                            jcr:primaryType="nt:unstructured"
                                                            items="[lists#unordered,lists#ordered,lists#outdent,lists#indent]"
                                                            ref="lists"/>
                                                        <paraformat
                                                            jcr:primaryType="nt:unstructured"
                                                            items="paraformat:getFormats:paraformat-pulldown"
                                                            ref="paraformat"/>
                                                    </popovers>
                                                </inline>
                                            </cui>
                                        </uiSettings>
                                        <rtePlugins jcr:primaryType="nt:unstructured">
                                            <links jcr:primaryType="nt:unstructured">
                                                <linkDialogConfig
                                                    jcr:primaryType="nt:unstructured"
                                                    height="{Long}316">
                                                    <linkAttributes jcr:primaryType="cq:WidgetCollection">
                                                        <linkAdvanced/>
                                                    </linkAttributes>
                                                </linkDialogConfig>
                                            </links>
                                            <misctools
                                                jcr:primaryType="nt:unstructured"
                                                features="*"/>
                                            <edit
                                                jcr:primaryType="nt:unstructured"
                                                features="*"/>
                                            <findreplace
                                                jcr:primaryType="nt:unstructured"
                                                features="*"/>
                                            <format
                                                jcr:primaryType="nt:unstructured"
                                                features="*"/>
                                            <image
                                                jcr:primaryType="nt:unstructured"
                                                features="*"/>
                                            <undo
                                                jcr:primaryType="nt:unstructured"
                                                features="*"/>
                                            <table
                                                jcr:primaryType="nt:unstructured"
                                                features="*"/>
                                            <subsuperscript
                                                jcr:primaryType="nt:unstructured"
                                                features="*"/>
                                            <spellcheck
                                                jcr:primaryType="nt:unstructured"
                                                features="*"/>
                                            <lists
                                                jcr:primaryType="nt:unstructured"
                                                features="*"/>
                                            <justify
                                                jcr:primaryType="nt:unstructured"
                                                features="*"/>
                                            <keys
                                                jcr:primaryType="nt:unstructured"
                                                features="*"/>
                                            <paraformat
                                                jcr:primaryType="nt:unstructured"
                                                features="*"/>
                                            <styles
                                                jcr:primaryType="nt:unstructured"
                                                features="*">
                                                <styles jcr:primaryType="nt:unstructured">
                                                    <red
                                                        jcr:primaryType="nt:unstructured"
                                                        cssName="red"
                                                        text="Red text"/>
                                                    <bold
                                                        jcr:primaryType="nt:unstructured"
                                                        cssName="bold"
                                                        text="Bold text"/>
                                                </styles>
                                            </styles>
                                        </rtePlugins>
                                        <htmlRules jcr:primaryType="nt:unstructured">
                                            <tableHandling
                                                jcr:primaryType="nt:unstructured"
                                                mergeTfootToTbody="{Boolean}true"
                                                mergeTheadToTbody="{Boolean}false"/>
                                        </htmlRules>
                                    </text>
                                </items>
                            </column>
                        </items>
                    </text>
                    <styles
                        jcr:primaryType="nt:unstructured"
                        jcr:title="Styles"
                        sling:resourceType="granite/ui/components/foundation/section">
                        <layout
                            jcr:primaryType="nt:unstructured"
                            sling:resourceType="granite/ui/components/foundation/layouts/fixedcolumns"
                            margin="{Boolean}false"/>
                        <items jcr:primaryType="nt:unstructured">
                            <column
                                jcr:primaryType="nt:unstructured"
                                sling:resourceType="granite/ui/components/foundation/container">
                                <items jcr:primaryType="nt:unstructured">
                                    <componentstyles
                                        jcr:primaryType="nt:unstructured"
                                        sling:resourceType="cq/gui/components/authoring/dialog/componentstyles"
                                        name="./cq:cssClass"/>
                                </items>
                            </column>
                        </items>
                    </styles>
                </items>
            </tabs>
        </items>
    </content>
</jcr:root>
