<?xml version="1.0" encoding="UTF-8"?>
<jcr:root xmlns:sling="http://sling.apache.org/jcr/sling/1.0" xmlns:cq="http://www.day.com/jcr/cq/1.0" xmlns:jcr="http://www.jcp.org/jcr/1.0" xmlns:nt="http://www.jcp.org/jcr/nt/1.0" xmlns:rep="internal"
    jcr:mixinTypes="[rep:AccessControllable]"
    jcr:primaryType="cq:Page">
    <rep:policy/>
    <wcm/>
    <weretail
        jcr:primaryType="nt:unstructured"
        sling:resourceType="nt:unstructured">
        <components
            jcr:primaryType="nt:unstructured"
            sling:resourceType="nt:unstructured">
            <structure/>
            <content
                jcr:primaryType="nt:unstructured"
                sling:resourceType="nt:unstructured">
                <breadcrumb/>
                <title/>
                <image/>
                <categoryteaser/>
                <categoryteaserimage/>
                <list jcr:primaryType="nt:unstructured">
                    <policy_1510148083737/>
                    <policy_1508797735164
                        cq:allowNoStyle="true"
                        jcr:lastModified="{Date}2017-11-08T14:37:22.425+01:00"
                        jcr:lastModifiedBy="admin"
                        jcr:primaryType="nt:unstructured"
                        jcr:title="We.Retail List policy"
                        sling:resourceType="wcm/core/components/policy/policy"
                        disableChildren="false"
                        disableSearch="false"
                        disableStatic="false"
                        disableTags="false"
                        linkItems="false"
                        showDescription="false"
                        showModificationDate="false">
                        <jcr:content jcr:primaryType="nt:unstructured"/>
                        <cq:styleGroups jcr:primaryType="nt:unstructured">
                            <item0
                                cq:styleGroupLabel="Layout"
                                jcr:primaryType="nt:unstructured">
                                <cq:styles jcr:primaryType="nt:unstructured">
                                    <item0
                                        cq:styleClasses="cmp-list--block"
                                        cq:styleId="1508797741160"
                                        cq:styleLabel="Block"
                                        jcr:primaryType="nt:unstructured"/>
                                    <item1
                                        cq:styleClasses="cmp-list--grid"
                                        cq:styleId="1508797744638"
                                        cq:styleLabel="Grid"
                                        jcr:primaryType="nt:unstructured"/>
                                </cq:styles>
                            </item0>
                            <item1
                                cq:styleGroupLabel="Display"
                                cq:styleGroupMultiple="true"
                                jcr:primaryType="nt:unstructured">
                                <cq:styles jcr:primaryType="nt:unstructured">
                                    <item0
                                        cq:styleClasses="cmp-list--image"
                                        cq:styleId="1508800123708"
                                        cq:styleLabel="Image"
                                        jcr:primaryType="nt:unstructured"/>
                                    <item1
                                        cq:styleClasses="cmp-list--date"
                                        cq:styleId="1508800134047"
                                        cq:styleLabel="Date"
                                        jcr:primaryType="nt:unstructured"/>
                                </cq:styles>
                            </item1>
                        </cq:styleGroups>
                    </policy_1508797735164>
                </list>
            </content>
        </components>
    </weretail>
    <core/>
    <dam/>
</jcr:root>
