AttributeDictionaryAttributeAndAllowedValues,,,,,,,,,,,,,
Identifier,Type,AttributeType,LanguageId, Name,Description,SecondaryDescription,GroupName,Field1,Footnote,UnitOfMeasure,AllowedValue1,AllowedValue2,AllowedValue3
gm-color,string,AllowedValues,-1,Color,,,,,,,,,
gm-shoe size,float,AllowedValues,-1,Size,,,,,,,,,
gm-longboard-size,string,AllowedValues,-1,Size,,,,,,,,,
gm-clothing-size,string,AllowedValues,-1,Size,,,,,,,,,
gm-snowboard-size,string,AllowedValues,-1,Size,,,,,,,,,
gm-pant_size,string,AllowedValues,-1,Size,,,,,,,,,
gm-features,string,AssignedValues,-1,Features,,,,,,,,,
gm-features,string,AssignedValues,-2,Features,,,,,,,,,
