AttributeDictionaryAttributeAllowedValues,,,,,,
Identifier,Language,ValueIdentifier,Sequence,Value,ValueUsage,Delete
gm-color,-1,Cuzco Blue,1,Cuzco Blue,1,0
gm-color,-1,Cuzco Orange,2,Cuzco Orange,1,0
gm-color,-1,Pink,3,Pink,1,0
gm-color,-1,Purple,4,Purple,1,0
gm-color,-1,Black,5,Black,1,0
gm-color,-1,Orange,6,Orange,1,0
gm-color,-1,Blue,8,Blue,1,0
gm-color,-1,Green,9,Green,1,0
gm-color,-1,Sport Blue,10,Sport Blue,1,0
gm-color,-1,Sport Red,11,Sport Red,1,0
gm-color,-1,Red,12,Red,1,0
gm-color,-1,Water Blue,13,Water Blue,1,0
gm-color,-1,Water Red,14,Water Red,1,0
gm-color,-1,Cold,15,Cold,1,0
gm-color,-1,Warm,16,Warm,1,0
gm-shoe size,-1,5,1,5,1,0
gm-shoe size,-1,5.5,2,5.5,1,0
gm-shoe size,-1,6,3,6,1,0
gm-shoe size,-1,6.5,4,6.5,1,0
gm-shoe size,-1,7,5,7,1,0
gm-shoe size,-1,7.5,6,7.5,1,0
gm-shoe size,-1,8,7,8,1,0
gm-shoe size,-1,8.5,8,8.5,1,0
gm-shoe size,-1,9,9,9,1,0
gm-shoe size,-1,9.5,10,9.5,1,0
gm-shoe size,-1,10,11,10,1,0
gm-shoe size,-1,10.5,12,10.5,1,0
gm-shoe size,-1,11,13,11,1,0
gm-shoe size,-1,11.5,14,11.5,1,0
gm-shoe size,-1,12,15,12,1,0
gm-shoe size,-1,12.5,16,12.5,1,0
gm-shoe size,-1,13,17,13,1,0
gm-longboard-size,-1,"9'2""",1,"9'2""",1,0
gm-longboard-size,-1,"9'4""",2,"9'4""",1,0
gm-longboard-size,-1,"9'6""",3,"9'6""",1,0
gm-longboard-size,-1,"9'8""",4,"9'8""",1,0
gm-longboard-size,-1,10',5,10',1,0
gm-longboard-size,-1,"10'3""",6,"10'3""",1,0
gm-clothing-size,-1,XS,1,XS,1,0
gm-clothing-size,-1,S,2,S,1,0
gm-clothing-size,-1,M,3,M,1,0
gm-clothing-size,-1,L,4,L,1,0
gm-clothing-size,-1,XL,5,XL,1,0
gm-clothing-size,-1,XXL,6,XXL,1,0
gm-snowboard-size,-1,130cm,1,130cm,1,0
gm-snowboard-size,-1,140cm,2,140cm,1,0
gm-snowboard-size,-1,150cm,3,150cm,1,0
gm-snowboard-size,-1,160cm,4,160cm,1,0
gm-pant_size,-1,3,1,3,1,0
gm-pant_size,-1,4,2,4,1,0
gm-pant_size,-1,5,3,5,1,0
gm-pant_size,-1,6,4,6,1,0
gm-pant_size,-1,7,5,7,1,0
gm-pant_size,-1,8,6,8,1,0
gm-pant_size,-1,9,7,9,1,0
gm-pant_size,-1,10,8,10,1,0
