CatalogEntryDescription,,,,,,,
PartNumber,LanguageId,Name,ShortDescription,LongDescription,Thumbnail,FullImage,Delete
eqsmcj,-2,Cajamara,Rothar,,/content/dam/geometrixx-outdoors/products/equipment/Cajamara.jpg,/content/dam/geometrixx-outdoors/products/equipment/Cajamara.jpg,0
eqsmcj_1,-2,Cajamara,Rothar,,/content/dam/geometrixx-outdoors/products/equipment/Cajamara.jpg,/content/dam/geometrixx-outdoors/products/equipment/Cajamara.jpg,0
eqsmcz,-2,Cuzco,Mála Droma,,/content/dam/geometrixx-outdoors/products/equipment/Lake Titicaca Blue.jpg,/content/dam/geometrixx-outdoors/products/equipment/Lake Titicaca Blue.jpg,0
eqsmcz.1,-2,Cuzco Gorm,Mála Droma,,/content/dam/geometrixx-outdoors/products/equipment/Lake Titicaca Blue.jpg,/content/dam/geometrixx-outdoors/products/equipment/Lake Titicaca Blue.jpg,0
eqsmcz.2,-2,Cuzco Oráiste,Mála Droma,,/content/dam/geometrixx-outdoors/products/equipment/Lake Titicaca Orange.jpg,/content/dam/geometrixx-outdoors/products/equipment/Lake Titicaca Orange.jpg,0
eqsmdv,-2,Davos Trek,Buidéal Uisce,,/content/dam/geometrixx-outdoors/products/equipment/Davos.jpg,/content/dam/geometrixx-outdoors/products/equipment/Davos.jpg,0
eqsmdv_1,-2,Davos Trek,Buidéal Uisce,,/content/dam/geometrixx-outdoors/products/equipment/Davos.jpg,/content/dam/geometrixx-outdoors/products/equipment/Davos.jpg,0
eqsmij,-2,Irian Jaya,Sunglasses,,/content/dam/geometrixx-outdoors/products/glasses/Irian Jaya.jpg,/content/dam/geometrixx-outdoors/products/glasses/Irian Jaya.jpg,0
eqsmij_1,-2,Irian Jaya,Sunglasses,,/content/dam/geometrixx-outdoors/products/glasses/Irian Jaya.jpg,/content/dam/geometrixx-outdoors/products/glasses/Irian Jaya.jpg,0
eqsmit,-2,Interlaken Trek,Brógaí do na Dreapairí Spóirt,,/content/dam/geometrixx-outdoors/products/footwear/Interlaken.jpg,/content/dam/geometrixx-outdoors/products/footwear/Interlaken.jpg,0
eqsmit_1,-2,Interlaken Trek,Brógaí do na Dreapairí Spóirt,,/content/dam/geometrixx-outdoors/products/footwear/Interlaken.jpg,/content/dam/geometrixx-outdoors/products/footwear/Interlaken.jpg,0
eqsmit_10,-2,Interlaken Trek,Brógaí do na Dreapairí Spóirt,,/content/dam/geometrixx-outdoors/products/footwear/Interlaken.jpg,/content/dam/geometrixx-outdoors/products/footwear/Interlaken.jpg,0
eqsmit_11,-2,Interlaken Trek,Brógaí do na Dreapairí Spóirt,,/content/dam/geometrixx-outdoors/products/footwear/Interlaken.jpg,/content/dam/geometrixx-outdoors/products/footwear/Interlaken.jpg,0
eqsmit_12,-2,Interlaken Trek,Brógaí do na Dreapairí Spóirt,,/content/dam/geometrixx-outdoors/products/footwear/Interlaken.jpg,/content/dam/geometrixx-outdoors/products/footwear/Interlaken.jpg,0
eqsmit_2,-2,Interlaken Trek,Brógaí do na Dreapairí Spóirt,,/content/dam/geometrixx-outdoors/products/footwear/Interlaken.jpg,/content/dam/geometrixx-outdoors/products/footwear/Interlaken.jpg,0
eqsmit_3,-2,Interlaken Trek,Brógaí do na Dreapairí Spóirt,,/content/dam/geometrixx-outdoors/products/footwear/Interlaken.jpg,/content/dam/geometrixx-outdoors/products/footwear/Interlaken.jpg,0
eqsmit_4,-2,Interlaken Trek,Brógaí do na Dreapairí Spóirt,,/content/dam/geometrixx-outdoors/products/footwear/Interlaken.jpg,/content/dam/geometrixx-outdoors/products/footwear/Interlaken.jpg,0
eqsmit_5,-2,Interlaken Trek,Brógaí do na Dreapairí Spóirt,,/content/dam/geometrixx-outdoors/products/footwear/Interlaken.jpg,/content/dam/geometrixx-outdoors/products/footwear/Interlaken.jpg,0
eqsmit_6,-2,Interlaken Trek,Brógaí do na Dreapairí Spóirt,,/content/dam/geometrixx-outdoors/products/footwear/Interlaken.jpg,/content/dam/geometrixx-outdoors/products/footwear/Interlaken.jpg,0
eqsmit_7,-2,Interlaken Trek,Brógaí do na Dreapairí Spóirt,,/content/dam/geometrixx-outdoors/products/footwear/Interlaken.jpg,/content/dam/geometrixx-outdoors/products/footwear/Interlaken.jpg,0
eqsmit_8,-2,Interlaken Trek,Brógaí do na Dreapairí Spóirt,,/content/dam/geometrixx-outdoors/products/footwear/Interlaken.jpg,/content/dam/geometrixx-outdoors/products/footwear/Interlaken.jpg,0
eqsmit_9,-2,Interlaken Trek,Brógaí do na Dreapairí Spóirt,,/content/dam/geometrixx-outdoors/products/footwear/Interlaken.jpg,/content/dam/geometrixx-outdoors/products/footwear/Interlaken.jpg,0
eqsmlg,-2,Lagos Mini Longboard,Fiberglass Surfboard,,/content/dam/geometrixx-outdoors/products/equipment/Lagos.jpg,/content/dam/geometrixx-outdoors/products/equipment/Lagos.jpg,0
eqsmlg_1,-2,Lagos Mini Longboard,Fiberglass Surfboard,,/content/dam/geometrixx-outdoors/products/equipment/Lagos.jpg,/content/dam/geometrixx-outdoors/products/equipment/Lagos.jpg,0
eqsmlg_2,-2,Lagos Mini Longboard,Fiberglass Surfboard,,/content/dam/geometrixx-outdoors/products/equipment/Lagos.jpg,/content/dam/geometrixx-outdoors/products/equipment/Lagos.jpg,0
eqsmlg_3,-2,Lagos Mini Longboard,Fiberglass Surfboard,,/content/dam/geometrixx-outdoors/products/equipment/Lagos.jpg,/content/dam/geometrixx-outdoors/products/equipment/Lagos.jpg,0
eqsmlg_4,-2,Lagos Mini Longboard,Fiberglass Surfboard,,/content/dam/geometrixx-outdoors/products/equipment/Lagos.jpg,/content/dam/geometrixx-outdoors/products/equipment/Lagos.jpg,0
eqsmlg_5,-2,Lagos Mini Longboard,Fiberglass Surfboard,,/content/dam/geometrixx-outdoors/products/equipment/Lagos.jpg,/content/dam/geometrixx-outdoors/products/equipment/Lagos.jpg,0
eqsmlg_6,-2,Lagos Mini Longboard,Fiberglass Surfboard,,/content/dam/geometrixx-outdoors/products/equipment/Lagos.jpg,/content/dam/geometrixx-outdoors/products/equipment/Lagos.jpg,0
eqsmlt,-2,Longirod Trek,Hiking Poles,,/content/dam/geometrixx-outdoors/products/equipment/Longirod.jpg,/content/dam/geometrixx-outdoors/products/equipment/Longirod.jpg,0
eqsmlt_1,-2,Longirod Trek,Hiking Poles,,/content/dam/geometrixx-outdoors/products/equipment/Longirod.jpg,/content/dam/geometrixx-outdoors/products/equipment/Longirod.jpg,0
eqsmmr,-2,Mombassa Bróga Spóirt,Bróga Tras-Spóirt do na Mná,<p>Innealtóireacht go speisialta don gcos an bhean. Na bróga tras-spóirt a chur ar fáil friotaíocht tioncahr le tacaíoch cliathánacht. Oiriúnach do rianú agus cúirte araon.<br></p>,/content/dam/geometrixx-outdoors/products/footwear/Mombassa Pink.jpg,/content/dam/geometrixx-outdoors/products/footwear/Mombassa Pink.jpg,0
eqsmmr.1_1,-2,Mombassa Bróga Spóirt,Bróga Tras-Spóirt do na Mná,<p>Innealtóireacht go speisialta don gcos an bhean. Na bróga tras-spóirt a chur ar fáil friotaíocht tioncahr le tacaíoch cliathánacht. Oiriúnach do rianú agus cúirte araon.<br></p>,/content/dam/geometrixx-outdoors/products/footwear/Mombassa Pink.jpg,/content/dam/geometrixx-outdoors/products/footwear/Mombassa Pink.jpg,0
eqsmmr.1_10,-2,Mombassa Bróga Spóirt,Bróga Tras-Spóirt do na Mná,<p>Innealtóireacht go speisialta don gcos an bhean. Na bróga tras-spóirt a chur ar fáil friotaíocht tioncahr le tacaíoch cliathánacht. Oiriúnach do rianú agus cúirte araon.<br></p>,/content/dam/geometrixx-outdoors/products/footwear/Mombassa Pink.jpg,/content/dam/geometrixx-outdoors/products/footwear/Mombassa Pink.jpg,0
eqsmmr.1_11,-2,Mombassa Bróga Spóirt,Bróga Tras-Spóirt do na Mná,<p>Innealtóireacht go speisialta don gcos an bhean. Na bróga tras-spóirt a chur ar fáil friotaíocht tioncahr le tacaíoch cliathánacht. Oiriúnach do rianú agus cúirte araon.<br></p>,/content/dam/geometrixx-outdoors/products/footwear/Mombassa Pink.jpg,/content/dam/geometrixx-outdoors/products/footwear/Mombassa Pink.jpg,0
eqsmmr.1_12,-2,Mombassa Bróga Spóirt,Bróga Tras-Spóirt do na Mná,<p>Innealtóireacht go speisialta don gcos an bhean. Na bróga tras-spóirt a chur ar fáil friotaíocht tioncahr le tacaíoch cliathánacht. Oiriúnach do rianú agus cúirte araon.<br></p>,/content/dam/geometrixx-outdoors/products/footwear/Mombassa Pink.jpg,/content/dam/geometrixx-outdoors/products/footwear/Mombassa Pink.jpg,0
eqsmmr.1_13,-2,Mombassa Bróga Spóirt,Bróga Tras-Spóirt do na Mná,<p>Innealtóireacht go speisialta don gcos an bhean. Na bróga tras-spóirt a chur ar fáil friotaíocht tioncahr le tacaíoch cliathánacht. Oiriúnach do rianú agus cúirte araon.<br></p>,/content/dam/geometrixx-outdoors/products/footwear/Mombassa Pink.jpg,/content/dam/geometrixx-outdoors/products/footwear/Mombassa Pink.jpg,0
eqsmmr.1_2,-2,Mombassa Bróga Spóirt,Bróga Tras-Spóirt do na Mná,<p>Innealtóireacht go speisialta don gcos an bhean. Na bróga tras-spóirt a chur ar fáil friotaíocht tioncahr le tacaíoch cliathánacht. Oiriúnach do rianú agus cúirte araon.<br></p>,/content/dam/geometrixx-outdoors/products/footwear/Mombassa Pink.jpg,/content/dam/geometrixx-outdoors/products/footwear/Mombassa Pink.jpg,0
eqsmmr.1_3,-2,Mombassa Bróga Spóirt,Bróga Tras-Spóirt do na Mná,<p>Innealtóireacht go speisialta don gcos an bhean. Na bróga tras-spóirt a chur ar fáil friotaíocht tioncahr le tacaíoch cliathánacht. Oiriúnach do rianú agus cúirte araon.<br></p>,/content/dam/geometrixx-outdoors/products/footwear/Mombassa Pink.jpg,/content/dam/geometrixx-outdoors/products/footwear/Mombassa Pink.jpg,0
eqsmmr.1_4,-2,Mombassa Bróga Spóirt,Bróga Tras-Spóirt do na Mná,<p>Innealtóireacht go speisialta don gcos an bhean. Na bróga tras-spóirt a chur ar fáil friotaíocht tioncahr le tacaíoch cliathánacht. Oiriúnach do rianú agus cúirte araon.<br></p>,/content/dam/geometrixx-outdoors/products/footwear/Mombassa Pink.jpg,/content/dam/geometrixx-outdoors/products/footwear/Mombassa Pink.jpg,0
eqsmmr.1_5,-2,Mombassa Bróga Spóirt,Bróga Tras-Spóirt do na Mná,<p>Innealtóireacht go speisialta don gcos an bhean. Na bróga tras-spóirt a chur ar fáil friotaíocht tioncahr le tacaíoch cliathánacht. Oiriúnach do rianú agus cúirte araon.<br></p>,/content/dam/geometrixx-outdoors/products/footwear/Mombassa Pink.jpg,/content/dam/geometrixx-outdoors/products/footwear/Mombassa Pink.jpg,0
eqsmmr.1_6,-2,Mombassa Bróga Spóirt,Bróga Tras-Spóirt do na Mná,<p>Innealtóireacht go speisialta don gcos an bhean. Na bróga tras-spóirt a chur ar fáil friotaíocht tioncahr le tacaíoch cliathánacht. Oiriúnach do rianú agus cúirte araon.<br></p>,/content/dam/geometrixx-outdoors/products/footwear/Mombassa Pink.jpg,/content/dam/geometrixx-outdoors/products/footwear/Mombassa Pink.jpg,0
eqsmmr.1_7,-2,Mombassa Bróga Spóirt,Bróga Tras-Spóirt do na Mná,<p>Innealtóireacht go speisialta don gcos an bhean. Na bróga tras-spóirt a chur ar fáil friotaíocht tioncahr le tacaíoch cliathánacht. Oiriúnach do rianú agus cúirte araon.<br></p>,/content/dam/geometrixx-outdoors/products/footwear/Mombassa Pink.jpg,/content/dam/geometrixx-outdoors/products/footwear/Mombassa Pink.jpg,0
eqsmmr.1_8,-2,Mombassa Bróga Spóirt,Bróga Tras-Spóirt do na Mná,<p>Innealtóireacht go speisialta don gcos an bhean. Na bróga tras-spóirt a chur ar fáil friotaíocht tioncahr le tacaíoch cliathánacht. Oiriúnach do rianú agus cúirte araon.<br></p>,/content/dam/geometrixx-outdoors/products/footwear/Mombassa Pink.jpg,/content/dam/geometrixx-outdoors/products/footwear/Mombassa Pink.jpg,0
eqsmmr.1_9,-2,Mombassa Bróga Spóirt,Bróga Tras-Spóirt do na Mná,<p>Innealtóireacht go speisialta don gcos an bhean. Na bróga tras-spóirt a chur ar fáil friotaíocht tioncahr le tacaíoch cliathánacht. Oiriúnach do rianú agus cúirte araon.<br></p>,/content/dam/geometrixx-outdoors/products/footwear/Mombassa Pink.jpg,/content/dam/geometrixx-outdoors/products/footwear/Mombassa Pink.jpg,0
eqsmmr.2_1,-2,Mombassa Bróga Spóirt,Bróga Tras-Spóirt do na Mná,<p>Innealtóireacht go speisialta don gcos an bhean. Na bróga tras-spóirt a chur ar fáil friotaíocht tioncahr le tacaíoch cliathánacht. Oiriúnach do rianú agus cúirte araon.<br></p>,/content/dam/geometrixx-outdoors/products/footwear/Mombassa Purple.jpg,/content/dam/geometrixx-outdoors/products/footwear/Mombassa Purple.jpg,0
eqsmmr.2_10,-2,Mombassa Bróga Spóirt,Bróga Tras-Spóirt do na Mná,<p>Innealtóireacht go speisialta don gcos an bhean. Na bróga tras-spóirt a chur ar fáil friotaíocht tioncahr le tacaíoch cliathánacht. Oiriúnach do rianú agus cúirte araon.<br></p>,/content/dam/geometrixx-outdoors/products/footwear/Mombassa Purple.jpg,/content/dam/geometrixx-outdoors/products/footwear/Mombassa Purple.jpg,0
eqsmmr.2_11,-2,Mombassa Bróga Spóirt,Bróga Tras-Spóirt do na Mná,<p>Innealtóireacht go speisialta don gcos an bhean. Na bróga tras-spóirt a chur ar fáil friotaíocht tioncahr le tacaíoch cliathánacht. Oiriúnach do rianú agus cúirte araon.<br></p>,/content/dam/geometrixx-outdoors/products/footwear/Mombassa Purple.jpg,/content/dam/geometrixx-outdoors/products/footwear/Mombassa Purple.jpg,0
eqsmmr.2_12,-2,Mombassa Bróga Spóirt,Bróga Tras-Spóirt do na Mná,<p>Innealtóireacht go speisialta don gcos an bhean. Na bróga tras-spóirt a chur ar fáil friotaíocht tioncahr le tacaíoch cliathánacht. Oiriúnach do rianú agus cúirte araon.<br></p>,/content/dam/geometrixx-outdoors/products/footwear/Mombassa Purple.jpg,/content/dam/geometrixx-outdoors/products/footwear/Mombassa Purple.jpg,0
eqsmmr.2_13,-2,Mombassa Bróga Spóirt,Bróga Tras-Spóirt do na Mná,<p>Innealtóireacht go speisialta don gcos an bhean. Na bróga tras-spóirt a chur ar fáil friotaíocht tioncahr le tacaíoch cliathánacht. Oiriúnach do rianú agus cúirte araon.<br></p>,/content/dam/geometrixx-outdoors/products/footwear/Mombassa Purple.jpg,/content/dam/geometrixx-outdoors/products/footwear/Mombassa Purple.jpg,0
eqsmmr.2_2,-2,Mombassa Bróga Spóirt,Bróga Tras-Spóirt do na Mná,<p>Innealtóireacht go speisialta don gcos an bhean. Na bróga tras-spóirt a chur ar fáil friotaíocht tioncahr le tacaíoch cliathánacht. Oiriúnach do rianú agus cúirte araon.<br></p>,/content/dam/geometrixx-outdoors/products/footwear/Mombassa Purple.jpg,/content/dam/geometrixx-outdoors/products/footwear/Mombassa Purple.jpg,0
eqsmmr.2_3,-2,Mombassa Bróga Spóirt,Bróga Tras-Spóirt do na Mná,<p>Innealtóireacht go speisialta don gcos an bhean. Na bróga tras-spóirt a chur ar fáil friotaíocht tioncahr le tacaíoch cliathánacht. Oiriúnach do rianú agus cúirte araon.<br></p>,/content/dam/geometrixx-outdoors/products/footwear/Mombassa Purple.jpg,/content/dam/geometrixx-outdoors/products/footwear/Mombassa Purple.jpg,0
eqsmmr.2_4,-2,Mombassa Bróga Spóirt,Bróga Tras-Spóirt do na Mná,<p>Innealtóireacht go speisialta don gcos an bhean. Na bróga tras-spóirt a chur ar fáil friotaíocht tioncahr le tacaíoch cliathánacht. Oiriúnach do rianú agus cúirte araon.<br></p>,/content/dam/geometrixx-outdoors/products/footwear/Mombassa Purple.jpg,/content/dam/geometrixx-outdoors/products/footwear/Mombassa Purple.jpg,0
eqsmmr.2_5,-2,Mombassa Bróga Spóirt,Bróga Tras-Spóirt do na Mná,<p>Innealtóireacht go speisialta don gcos an bhean. Na bróga tras-spóirt a chur ar fáil friotaíocht tioncahr le tacaíoch cliathánacht. Oiriúnach do rianú agus cúirte araon.<br></p>,/content/dam/geometrixx-outdoors/products/footwear/Mombassa Purple.jpg,/content/dam/geometrixx-outdoors/products/footwear/Mombassa Purple.jpg,0
eqsmmr.2_6,-2,Mombassa Bróga Spóirt,Bróga Tras-Spóirt do na Mná,<p>Innealtóireacht go speisialta don gcos an bhean. Na bróga tras-spóirt a chur ar fáil friotaíocht tioncahr le tacaíoch cliathánacht. Oiriúnach do rianú agus cúirte araon.<br></p>,/content/dam/geometrixx-outdoors/products/footwear/Mombassa Purple.jpg,/content/dam/geometrixx-outdoors/products/footwear/Mombassa Purple.jpg,0
eqsmmr.2_7,-2,Mombassa Bróga Spóirt,Bróga Tras-Spóirt do na Mná,<p>Innealtóireacht go speisialta don gcos an bhean. Na bróga tras-spóirt a chur ar fáil friotaíocht tioncahr le tacaíoch cliathánacht. Oiriúnach do rianú agus cúirte araon.<br></p>,/content/dam/geometrixx-outdoors/products/footwear/Mombassa Purple.jpg,/content/dam/geometrixx-outdoors/products/footwear/Mombassa Purple.jpg,0
eqsmmr.2_8,-2,Mombassa Bróga Spóirt,Bróga Tras-Spóirt do na Mná,<p>Innealtóireacht go speisialta don gcos an bhean. Na bróga tras-spóirt a chur ar fáil friotaíocht tioncahr le tacaíoch cliathánacht. Oiriúnach do rianú agus cúirte araon.<br></p>,/content/dam/geometrixx-outdoors/products/footwear/Mombassa Purple.jpg,/content/dam/geometrixx-outdoors/products/footwear/Mombassa Purple.jpg,0
eqsmmr.2_9,-2,Mombassa Bróga Spóirt,Bróga Tras-Spóirt do na Mná,<p>Innealtóireacht go speisialta don gcos an bhean. Na bróga tras-spóirt a chur ar fáil friotaíocht tioncahr le tacaíoch cliathánacht. Oiriúnach do rianú agus cúirte araon.<br></p>,/content/dam/geometrixx-outdoors/products/footwear/Mombassa Purple.jpg,/content/dam/geometrixx-outdoors/products/footwear/Mombassa Purple.jpg,0
eqsmnn,-2,Nunavut Fleece,Coat,,/content/dam/geometrixx-outdoors/products/coat/Nunavut Orange.jpg,/content/dam/geometrixx-outdoors/products/coat/Nunavut Orange.jpg,0
eqsmnn.b_1,-2,Nunavut Fleece Black,Coat,,/content/dam/geometrixx-outdoors/products/coat/Nunavut Black.jpg,/content/dam/geometrixx-outdoors/products/coat/Nunavut Black.jpg,0
eqsmnn.b_2,-2,Nunavut Fleece Black,Coat,,/content/dam/geometrixx-outdoors/products/coat/Nunavut Black.jpg,/content/dam/geometrixx-outdoors/products/coat/Nunavut Black.jpg,0
eqsmnn.b_3,-2,Nunavut Fleece Black,Coat,,/content/dam/geometrixx-outdoors/products/coat/Nunavut Black.jpg,/content/dam/geometrixx-outdoors/products/coat/Nunavut Black.jpg,0
eqsmnn.b_4,-2,Nunavut Fleece Black,Coat,,/content/dam/geometrixx-outdoors/products/coat/Nunavut Black.jpg,/content/dam/geometrixx-outdoors/products/coat/Nunavut Black.jpg,0
eqsmnn.o_1,-2,Nunavut Fleece Orange,Coat,,/content/dam/geometrixx-outdoors/products/coat/Nunavut Orange.jpg,/content/dam/geometrixx-outdoors/products/coat/Nunavut Orange.jpg,0
eqsmnn.o_2,-2,Nunavut Fleece Orange,Coat,,/content/dam/geometrixx-outdoors/products/coat/Nunavut Orange.jpg,/content/dam/geometrixx-outdoors/products/coat/Nunavut Orange.jpg,0
eqsmnn.o_3,-2,Nunavut Fleece Orange,Coat,,/content/dam/geometrixx-outdoors/products/coat/Nunavut Orange.jpg,/content/dam/geometrixx-outdoors/products/coat/Nunavut Orange.jpg,0
eqsmnn.o_4,-2,Nunavut Fleece Orange,Coat,,/content/dam/geometrixx-outdoors/products/coat/Nunavut Orange.jpg,/content/dam/geometrixx-outdoors/products/coat/Nunavut Orange.jpg,0
eqsmnr,-2,Nairobi Runners,Men's Sport Footwear,<p>An everyday runner that provides excellent support and comfort. Features the Geometrixx Impacto cushioning system.</p>,/content/dam/geometrixx-outdoors/products/footwear/Nairobi Blue.jpg,/content/dam/geometrixx-outdoors/products/footwear/Nairobi Blue.jpg,0
eqsmnr.b_1,-2,Nairobi Runners Blue,Men's Sport Footwear,<p>An everyday runner that provides excellent support and comfort. Features the Geometrixx Impacto cushioning system.</p>,/content/dam/geometrixx-outdoors/products/footwear/Nairobi Blue.jpg,/content/dam/geometrixx-outdoors/products/footwear/Nairobi Blue.jpg,0
eqsmnr.b_10,-2,Nairobi Runners Blue,Men's Sport Footwear,<p>An everyday runner that provides excellent support and comfort. Features the Geometrixx Impacto cushioning system.</p>,/content/dam/geometrixx-outdoors/products/footwear/Nairobi Blue.jpg,/content/dam/geometrixx-outdoors/products/footwear/Nairobi Blue.jpg,0
eqsmnr.b_11,-2,Nairobi Runners Blue,Men's Sport Footwear,<p>An everyday runner that provides excellent support and comfort. Features the Geometrixx Impacto cushioning system.</p>,/content/dam/geometrixx-outdoors/products/footwear/Nairobi Blue.jpg,/content/dam/geometrixx-outdoors/products/footwear/Nairobi Blue.jpg,0
eqsmnr.b_12,-2,Nairobi Runners Blue,Men's Sport Footwear,<p>An everyday runner that provides excellent support and comfort. Features the Geometrixx Impacto cushioning system.</p>,/content/dam/geometrixx-outdoors/products/footwear/Nairobi Blue.jpg,/content/dam/geometrixx-outdoors/products/footwear/Nairobi Blue.jpg,0
eqsmnr.b_2,-2,Nairobi Runners Blue,Men's Sport Footwear,<p>An everyday runner that provides excellent support and comfort. Features the Geometrixx Impacto cushioning system.</p>,/content/dam/geometrixx-outdoors/products/footwear/Nairobi Blue.jpg,/content/dam/geometrixx-outdoors/products/footwear/Nairobi Blue.jpg,0
eqsmnr.b_3,-2,Nairobi Runners Blue,Men's Sport Footwear,<p>An everyday runner that provides excellent support and comfort. Features the Geometrixx Impacto cushioning system.</p>,/content/dam/geometrixx-outdoors/products/footwear/Nairobi Blue.jpg,/content/dam/geometrixx-outdoors/products/footwear/Nairobi Blue.jpg,0
eqsmnr.b_4,-2,Nairobi Runners Blue,Men's Sport Footwear,<p>An everyday runner that provides excellent support and comfort. Features the Geometrixx Impacto cushioning system.</p>,/content/dam/geometrixx-outdoors/products/footwear/Nairobi Blue.jpg,/content/dam/geometrixx-outdoors/products/footwear/Nairobi Blue.jpg,0
eqsmnr.b_5,-2,Nairobi Runners Blue,Men's Sport Footwear,<p>An everyday runner that provides excellent support and comfort. Features the Geometrixx Impacto cushioning system.</p>,/content/dam/geometrixx-outdoors/products/footwear/Nairobi Blue.jpg,/content/dam/geometrixx-outdoors/products/footwear/Nairobi Blue.jpg,0
eqsmnr.b_6,-2,Nairobi Runners Blue,Men's Sport Footwear,<p>An everyday runner that provides excellent support and comfort. Features the Geometrixx Impacto cushioning system.</p>,/content/dam/geometrixx-outdoors/products/footwear/Nairobi Blue.jpg,/content/dam/geometrixx-outdoors/products/footwear/Nairobi Blue.jpg,0
eqsmnr.b_7,-2,Nairobi Runners Blue,Men's Sport Footwear,<p>An everyday runner that provides excellent support and comfort. Features the Geometrixx Impacto cushioning system.</p>,/content/dam/geometrixx-outdoors/products/footwear/Nairobi Blue.jpg,/content/dam/geometrixx-outdoors/products/footwear/Nairobi Blue.jpg,0
eqsmnr.b_8,-2,Nairobi Runners Blue,Men's Sport Footwear,<p>An everyday runner that provides excellent support and comfort. Features the Geometrixx Impacto cushioning system.</p>,/content/dam/geometrixx-outdoors/products/footwear/Nairobi Blue.jpg,/content/dam/geometrixx-outdoors/products/footwear/Nairobi Blue.jpg,0
eqsmnr.b_9,-2,Nairobi Runners Blue,Men's Sport Footwear,<p>An everyday runner that provides excellent support and comfort. Features the Geometrixx Impacto cushioning system.</p>,/content/dam/geometrixx-outdoors/products/footwear/Nairobi Blue.jpg,/content/dam/geometrixx-outdoors/products/footwear/Nairobi Blue.jpg,0
eqsmnr.g_1,-2,Nairobi Runners Green,Men's Sport Footwear,<p>An everyday runner that provides excellent support and comfort. Features the Geometrixx Impacto cushioning system.</p>,/content/dam/geometrixx-outdoors/products/footwear/Nairobi Green.jpg,/content/dam/geometrixx-outdoors/products/footwear/Nairobi Green.jpg,0
eqsmnr.g_10,-2,Nairobi Runners Green,Men's Sport Footwear,<p>An everyday runner that provides excellent support and comfort. Features the Geometrixx Impacto cushioning system.</p>,/content/dam/geometrixx-outdoors/products/footwear/Nairobi Green.jpg,/content/dam/geometrixx-outdoors/products/footwear/Nairobi Green.jpg,0
eqsmnr.g_11,-2,Nairobi Runners Green,Men's Sport Footwear,<p>An everyday runner that provides excellent support and comfort. Features the Geometrixx Impacto cushioning system.</p>,/content/dam/geometrixx-outdoors/products/footwear/Nairobi Green.jpg,/content/dam/geometrixx-outdoors/products/footwear/Nairobi Green.jpg,0
eqsmnr.g_12,-2,Nairobi Runners Green,Men's Sport Footwear,<p>An everyday runner that provides excellent support and comfort. Features the Geometrixx Impacto cushioning system.</p>,/content/dam/geometrixx-outdoors/products/footwear/Nairobi Green.jpg,/content/dam/geometrixx-outdoors/products/footwear/Nairobi Green.jpg,0
eqsmnr.g_2,-2,Nairobi Runners Green,Men's Sport Footwear,<p>An everyday runner that provides excellent support and comfort. Features the Geometrixx Impacto cushioning system.</p>,/content/dam/geometrixx-outdoors/products/footwear/Nairobi Green.jpg,/content/dam/geometrixx-outdoors/products/footwear/Nairobi Green.jpg,0
eqsmnr.g_3,-2,Nairobi Runners Green,Men's Sport Footwear,<p>An everyday runner that provides excellent support and comfort. Features the Geometrixx Impacto cushioning system.</p>,/content/dam/geometrixx-outdoors/products/footwear/Nairobi Green.jpg,/content/dam/geometrixx-outdoors/products/footwear/Nairobi Green.jpg,0
eqsmnr.g_4,-2,Nairobi Runners Green,Men's Sport Footwear,<p>An everyday runner that provides excellent support and comfort. Features the Geometrixx Impacto cushioning system.</p>,/content/dam/geometrixx-outdoors/products/footwear/Nairobi Green.jpg,/content/dam/geometrixx-outdoors/products/footwear/Nairobi Green.jpg,0
eqsmnr.g_5,-2,Nairobi Runners Green,Men's Sport Footwear,<p>An everyday runner that provides excellent support and comfort. Features the Geometrixx Impacto cushioning system.</p>,/content/dam/geometrixx-outdoors/products/footwear/Nairobi Green.jpg,/content/dam/geometrixx-outdoors/products/footwear/Nairobi Green.jpg,0
eqsmnr.g_6,-2,Nairobi Runners Green,Men's Sport Footwear,<p>An everyday runner that provides excellent support and comfort. Features the Geometrixx Impacto cushioning system.</p>,/content/dam/geometrixx-outdoors/products/footwear/Nairobi Green.jpg,/content/dam/geometrixx-outdoors/products/footwear/Nairobi Green.jpg,0
eqsmnr.g_7,-2,Nairobi Runners Green,Men's Sport Footwear,<p>An everyday runner that provides excellent support and comfort. Features the Geometrixx Impacto cushioning system.</p>,/content/dam/geometrixx-outdoors/products/footwear/Nairobi Green.jpg,/content/dam/geometrixx-outdoors/products/footwear/Nairobi Green.jpg,0
eqsmnr.g_8,-2,Nairobi Runners Green,Men's Sport Footwear,<p>An everyday runner that provides excellent support and comfort. Features the Geometrixx Impacto cushioning system.</p>,/content/dam/geometrixx-outdoors/products/footwear/Nairobi Green.jpg,/content/dam/geometrixx-outdoors/products/footwear/Nairobi Green.jpg,0
eqsmnr.g_9,-2,Nairobi Runners Green,Men's Sport Footwear,<p>An everyday runner that provides excellent support and comfort. Features the Geometrixx Impacto cushioning system.</p>,/content/dam/geometrixx-outdoors/products/footwear/Nairobi Green.jpg,/content/dam/geometrixx-outdoors/products/footwear/Nairobi Green.jpg,0
eqsmnr.p_1,-2,Nairobi Runners Pink,Men's Sport Footwear,<p>An everyday runner that provides excellent support and comfort. Features the Geometrixx Impacto cushioning system.</p>,/content/dam/geometrixx-outdoors/products/footwear/Nairobi Pink.jpg,/content/dam/geometrixx-outdoors/products/footwear/Nairobi Pink.jpg,0
eqsmnr.p_10,-2,Nairobi Runners Pink,Men's Sport Footwear,<p>An everyday runner that provides excellent support and comfort. Features the Geometrixx Impacto cushioning system.</p>,/content/dam/geometrixx-outdoors/products/footwear/Nairobi Pink.jpg,/content/dam/geometrixx-outdoors/products/footwear/Nairobi Pink.jpg,0
eqsmnr.p_11,-2,Nairobi Runners Pink,Men's Sport Footwear,<p>An everyday runner that provides excellent support and comfort. Features the Geometrixx Impacto cushioning system.</p>,/content/dam/geometrixx-outdoors/products/footwear/Nairobi Pink.jpg,/content/dam/geometrixx-outdoors/products/footwear/Nairobi Pink.jpg,0
eqsmnr.p_12,-2,Nairobi Runners Pink,Men's Sport Footwear,<p>An everyday runner that provides excellent support and comfort. Features the Geometrixx Impacto cushioning system.</p>,/content/dam/geometrixx-outdoors/products/footwear/Nairobi Pink.jpg,/content/dam/geometrixx-outdoors/products/footwear/Nairobi Pink.jpg,0
eqsmnr.p_13,-2,Nairobi Runners Pink,Men's Sport Footwear,<p>An everyday runner that provides excellent support and comfort. Features the Geometrixx Impacto cushioning system.</p>,/content/dam/geometrixx-outdoors/products/footwear/Nairobi Pink.jpg,/content/dam/geometrixx-outdoors/products/footwear/Nairobi Pink.jpg,0
eqsmnr.p_2,-2,Nairobi Runners Pink,Men's Sport Footwear,<p>An everyday runner that provides excellent support and comfort. Features the Geometrixx Impacto cushioning system.</p>,/content/dam/geometrixx-outdoors/products/footwear/Nairobi Pink.jpg,/content/dam/geometrixx-outdoors/products/footwear/Nairobi Pink.jpg,0
eqsmnr.p_3,-2,Nairobi Runners Pink,Men's Sport Footwear,<p>An everyday runner that provides excellent support and comfort. Features the Geometrixx Impacto cushioning system.</p>,/content/dam/geometrixx-outdoors/products/footwear/Nairobi Pink.jpg,/content/dam/geometrixx-outdoors/products/footwear/Nairobi Pink.jpg,0
eqsmnr.p_4,-2,Nairobi Runners Pink,Men's Sport Footwear,<p>An everyday runner that provides excellent support and comfort. Features the Geometrixx Impacto cushioning system.</p>,/content/dam/geometrixx-outdoors/products/footwear/Nairobi Pink.jpg,/content/dam/geometrixx-outdoors/products/footwear/Nairobi Pink.jpg,0
eqsmnr.p_5,-2,Nairobi Runners Pink,Men's Sport Footwear,<p>An everyday runner that provides excellent support and comfort. Features the Geometrixx Impacto cushioning system.</p>,/content/dam/geometrixx-outdoors/products/footwear/Nairobi Pink.jpg,/content/dam/geometrixx-outdoors/products/footwear/Nairobi Pink.jpg,0
eqsmnr.p_6,-2,Nairobi Runners Pink,Men's Sport Footwear,<p>An everyday runner that provides excellent support and comfort. Features the Geometrixx Impacto cushioning system.</p>,/content/dam/geometrixx-outdoors/products/footwear/Nairobi Pink.jpg,/content/dam/geometrixx-outdoors/products/footwear/Nairobi Pink.jpg,0
eqsmnr.p_7,-2,Nairobi Runners Pink,Men's Sport Footwear,<p>An everyday runner that provides excellent support and comfort. Features the Geometrixx Impacto cushioning system.</p>,/content/dam/geometrixx-outdoors/products/footwear/Nairobi Pink.jpg,/content/dam/geometrixx-outdoors/products/footwear/Nairobi Pink.jpg,0
eqsmnr.p_8,-2,Nairobi Runners Pink,Men's Sport Footwear,<p>An everyday runner that provides excellent support and comfort. Features the Geometrixx Impacto cushioning system.</p>,/content/dam/geometrixx-outdoors/products/footwear/Nairobi Pink.jpg,/content/dam/geometrixx-outdoors/products/footwear/Nairobi Pink.jpg,0
eqsmnr.p_9,-2,Nairobi Runners Pink,Men's Sport Footwear,<p>An everyday runner that provides excellent support and comfort. Features the Geometrixx Impacto cushioning system.</p>,/content/dam/geometrixx-outdoors/products/footwear/Nairobi Pink.jpg,/content/dam/geometrixx-outdoors/products/footwear/Nairobi Pink.jpg,0
eqsmra,-2,Raja Ampat,Women's Sunglasses,,/content/dam/geometrixx-outdoors/products/glasses/Raja Ampat.jpg,/content/dam/geometrixx-outdoors/products/glasses/Raja Ampat.jpg,0
eqsmra_1,-2,Raja Ampat,Women's Sunglasses,,/content/dam/geometrixx-outdoors/products/glasses/Raja Ampat.jpg,/content/dam/geometrixx-outdoors/products/glasses/Raja Ampat.jpg,0
eqsmsm,-2,Sumatra,Sunglasses,,/content/dam/geometrixx-outdoors/products/glasses/Sumatra.jpg,/content/dam/geometrixx-outdoors/products/glasses/Sumatra.jpg,0
eqsmsm_1,-2,Sumatra,Sunglasses,,/content/dam/geometrixx-outdoors/products/glasses/Sumatra.jpg,/content/dam/geometrixx-outdoors/products/glasses/Sumatra.jpg,0
eqsmsp,-2,Sparrow,Rothar,"Taitneamh a bhaint as le SPARROW™ an aibhseacht fórsa ar an sliabh, ina n-aonar nó le do chairde agus do taistealaithe eile.",/content/dam/geometrixx-outdoors/products/equipment/Sparrow.jpg,/content/dam/geometrixx-outdoors/products/equipment/Sparrow.jpg,0
eqsmsp_1,-2,Sparrow,Rothar,"Taitneamh a bhaint as le SPARROW™ an aibhseacht fórsa ar an sliabh, ina n-aonar nó le do chairde agus do taistealaithe eile.",/content/dam/geometrixx-outdoors/products/equipment/Sparrow.jpg,/content/dam/geometrixx-outdoors/products/equipment/Sparrow.jpg,0
eqsmtc,-2,Tacna,Clogad Rothar,,/content/dam/geometrixx-outdoors/products/helmet/Tacna.jpg,/content/dam/geometrixx-outdoors/products/helmet/Tacna.jpg,0
eqsmtc_1,-2,Tacna,Clogad Rothar,,/content/dam/geometrixx-outdoors/products/helmet/Tacna.jpg,/content/dam/geometrixx-outdoors/products/helmet/Tacna.jpg,0
eqsmtc_2,-2,Tacna,Clogad Rothar,,/content/dam/geometrixx-outdoors/products/helmet/Tacna.jpg,/content/dam/geometrixx-outdoors/products/helmet/Tacna.jpg,0
eqsmti,-2,Timor,Men's Sunglasses,,/content/dam/geometrixx-outdoors/products/glasses/Timor.jpg,/content/dam/geometrixx-outdoors/products/glasses/Timor.jpg,0
eqsmti_1,-2,Timor,Men's Sunglasses,,/content/dam/geometrixx-outdoors/products/glasses/Timor.jpg,/content/dam/geometrixx-outdoors/products/glasses/Timor.jpg,0
eqwnbc,-2,Blackcomb Snow,Ski Gloves,<p>The most technical gloves we offer. With Nortex protection on the outside and Superfleece warmth on the inside.</p>,/content/dam/geometrixx-outdoors/products/gloves/Blackcomb.jpg,/content/dam/geometrixx-outdoors/products/gloves/Blackcomb.jpg,0
eqwnbc_1,-2,Blackcomb Snow,Ski Gloves,<p>The most technical gloves we offer. With Nortex protection on the outside and Superfleece warmth on the inside.</p>,/content/dam/geometrixx-outdoors/products/gloves/Blackcomb.jpg,/content/dam/geometrixx-outdoors/products/gloves/Blackcomb.jpg,0
eqwnbc_2,-2,Blackcomb Snow,Ski Gloves,<p>The most technical gloves we offer. With Nortex protection on the outside and Superfleece warmth on the inside.</p>,/content/dam/geometrixx-outdoors/products/gloves/Blackcomb.jpg,/content/dam/geometrixx-outdoors/products/gloves/Blackcomb.jpg,0
eqwnbc_3,-2,Blackcomb Snow,Ski Gloves,<p>The most technical gloves we offer. With Nortex protection on the outside and Superfleece warmth on the inside.</p>,/content/dam/geometrixx-outdoors/products/gloves/Blackcomb.jpg,/content/dam/geometrixx-outdoors/products/gloves/Blackcomb.jpg,0
eqwnbf,-2,Banff Snow,Ski Boots,,/content/dam/geometrixx-outdoors/products/footwear/Banff.jpg,/content/dam/geometrixx-outdoors/products/footwear/Banff.jpg,0
eqwnbf_1,-2,Banff Snow,Ski Boots,,/content/dam/geometrixx-outdoors/products/footwear/Banff.jpg,/content/dam/geometrixx-outdoors/products/footwear/Banff.jpg,0
eqwnbf_10,-2,Banff Snow,Ski Boots,,/content/dam/geometrixx-outdoors/products/footwear/Banff.jpg,/content/dam/geometrixx-outdoors/products/footwear/Banff.jpg,0
eqwnbf_11,-2,Banff Snow,Ski Boots,,/content/dam/geometrixx-outdoors/products/footwear/Banff.jpg,/content/dam/geometrixx-outdoors/products/footwear/Banff.jpg,0
eqwnbf_12,-2,Banff Snow,Ski Boots,,/content/dam/geometrixx-outdoors/products/footwear/Banff.jpg,/content/dam/geometrixx-outdoors/products/footwear/Banff.jpg,0
eqwnbf_2,-2,Banff Snow,Ski Boots,,/content/dam/geometrixx-outdoors/products/footwear/Banff.jpg,/content/dam/geometrixx-outdoors/products/footwear/Banff.jpg,0
eqwnbf_3,-2,Banff Snow,Ski Boots,,/content/dam/geometrixx-outdoors/products/footwear/Banff.jpg,/content/dam/geometrixx-outdoors/products/footwear/Banff.jpg,0
eqwnbf_4,-2,Banff Snow,Ski Boots,,/content/dam/geometrixx-outdoors/products/footwear/Banff.jpg,/content/dam/geometrixx-outdoors/products/footwear/Banff.jpg,0
eqwnbf_5,-2,Banff Snow,Ski Boots,,/content/dam/geometrixx-outdoors/products/footwear/Banff.jpg,/content/dam/geometrixx-outdoors/products/footwear/Banff.jpg,0
eqwnbf_6,-2,Banff Snow,Ski Boots,,/content/dam/geometrixx-outdoors/products/footwear/Banff.jpg,/content/dam/geometrixx-outdoors/products/footwear/Banff.jpg,0
eqwnbf_7,-2,Banff Snow,Ski Boots,,/content/dam/geometrixx-outdoors/products/footwear/Banff.jpg,/content/dam/geometrixx-outdoors/products/footwear/Banff.jpg,0
eqwnbf_8,-2,Banff Snow,Ski Boots,,/content/dam/geometrixx-outdoors/products/footwear/Banff.jpg,/content/dam/geometrixx-outdoors/products/footwear/Banff.jpg,0
eqwnbf_9,-2,Banff Snow,Ski Boots,,/content/dam/geometrixx-outdoors/products/footwear/Banff.jpg,/content/dam/geometrixx-outdoors/products/footwear/Banff.jpg,0
eqwnfr,-2,Fernie Snow,Men's Ski Goggles,,/content/dam/geometrixx-outdoors/products/glasses/Fernie.jpg,/content/dam/geometrixx-outdoors/products/glasses/Fernie.jpg,0
eqwnfr_1,-2,Fernie Snow,Men's Ski Goggles,,/content/dam/geometrixx-outdoors/products/glasses/Fernie.jpg,/content/dam/geometrixx-outdoors/products/glasses/Fernie.jpg,0
eqwnfr_2,-2,Fernie Snow,Men's Ski Goggles,,/content/dam/geometrixx-outdoors/products/glasses/Fernie.jpg,/content/dam/geometrixx-outdoors/products/glasses/Fernie.jpg,0
eqwnkl,-2,Kelowna Snow,Women's Ski Googles,,/content/dam/geometrixx-outdoors/products/glasses/Kelowna.jpg,/content/dam/geometrixx-outdoors/products/glasses/Kelowna.jpg,0
eqwnkl_1,-2,Kelowna Snow,Women's Ski Googles,,/content/dam/geometrixx-outdoors/products/glasses/Kelowna.jpg,/content/dam/geometrixx-outdoors/products/glasses/Kelowna.jpg,0
eqwnkm,-2,Kamloops Snow,Snowboarding Boots,,/content/dam/geometrixx-outdoors/products/footwear/Kamloops.jpg,/content/dam/geometrixx-outdoors/products/footwear/Kamloops.jpg,0
eqwnkm_1,-2,Kamloops Snow,Snowboarding Boots,,/content/dam/geometrixx-outdoors/products/footwear/Kamloops.jpg,/content/dam/geometrixx-outdoors/products/footwear/Kamloops.jpg,0
eqwnkm_2,-2,Kamloops Snow,Snowboarding Boots,,/content/dam/geometrixx-outdoors/products/footwear/Kamloops.jpg,/content/dam/geometrixx-outdoors/products/footwear/Kamloops.jpg,0
eqwnkm_3,-2,Kamloops Snow,Snowboarding Boots,,/content/dam/geometrixx-outdoors/products/footwear/Kamloops.jpg,/content/dam/geometrixx-outdoors/products/footwear/Kamloops.jpg,0
eqwnkm_4,-2,Kamloops Snow,Snowboarding Boots,,/content/dam/geometrixx-outdoors/products/footwear/Kamloops.jpg,/content/dam/geometrixx-outdoors/products/footwear/Kamloops.jpg,0
eqwnkm_5,-2,Kamloops Snow,Snowboarding Boots,,/content/dam/geometrixx-outdoors/products/footwear/Kamloops.jpg,/content/dam/geometrixx-outdoors/products/footwear/Kamloops.jpg,0
eqwnkm_6,-2,Kamloops Snow,Snowboarding Boots,,/content/dam/geometrixx-outdoors/products/footwear/Kamloops.jpg,/content/dam/geometrixx-outdoors/products/footwear/Kamloops.jpg,0
eqwnkm_7,-2,Kamloops Snow,Snowboarding Boots,,/content/dam/geometrixx-outdoors/products/footwear/Kamloops.jpg,/content/dam/geometrixx-outdoors/products/footwear/Kamloops.jpg,0
eqwnkw,-2,Kawartha Snow,Skiing Helmet,,/content/dam/geometrixx-outdoors/products/helmet/Kawartha.jpg,/content/dam/geometrixx-outdoors/products/helmet/Kawartha.jpg,0
eqwnkw_1,-2,Kawartha Snow,Skiing Helmet,,/content/dam/geometrixx-outdoors/products/helmet/Kawartha.jpg,/content/dam/geometrixx-outdoors/products/helmet/Kawartha.jpg,0
eqwnmt,-2,Mont Tremblant,Nordic Ski Gloves,,/content/dam/geometrixx-outdoors/products/gloves/Mont Tremblant.jpg,/content/dam/geometrixx-outdoors/products/gloves/Mont Tremblant.jpg,0
eqwnmt_1,-2,Mont Tremblant,Nordic Ski Gloves,,/content/dam/geometrixx-outdoors/products/gloves/Mont Tremblant.jpg,/content/dam/geometrixx-outdoors/products/gloves/Mont Tremblant.jpg,0
eqwnmt_2,-2,Mont Tremblant,Nordic Ski Gloves,,/content/dam/geometrixx-outdoors/products/gloves/Mont Tremblant.jpg,/content/dam/geometrixx-outdoors/products/gloves/Mont Tremblant.jpg,0
eqwnmt_3,-2,Mont Tremblant,Nordic Ski Gloves,,/content/dam/geometrixx-outdoors/products/gloves/Mont Tremblant.jpg,/content/dam/geometrixx-outdoors/products/gloves/Mont Tremblant.jpg,0
eqwntb,-2,Tobermory Snow,Nordic Ski Boots,,/content/dam/geometrixx-outdoors/products/footwear/Tobermory.jpg,/content/dam/geometrixx-outdoors/products/footwear/Tobermory.jpg,0
eqwntb_1,-2,Tobermory Snow,Nordic Ski Boots,,/content/dam/geometrixx-outdoors/products/footwear/Tobermory.jpg,/content/dam/geometrixx-outdoors/products/footwear/Tobermory.jpg,0
eqwntb_10,-2,Tobermory Snow,Nordic Ski Boots,,/content/dam/geometrixx-outdoors/products/footwear/Tobermory.jpg,/content/dam/geometrixx-outdoors/products/footwear/Tobermory.jpg,0
eqwntb_11,-2,Tobermory Snow,Nordic Ski Boots,,/content/dam/geometrixx-outdoors/products/footwear/Tobermory.jpg,/content/dam/geometrixx-outdoors/products/footwear/Tobermory.jpg,0
eqwntb_12,-2,Tobermory Snow,Nordic Ski Boots,,/content/dam/geometrixx-outdoors/products/footwear/Tobermory.jpg,/content/dam/geometrixx-outdoors/products/footwear/Tobermory.jpg,0
eqwntb_2,-2,Tobermory Snow,Nordic Ski Boots,,/content/dam/geometrixx-outdoors/products/footwear/Tobermory.jpg,/content/dam/geometrixx-outdoors/products/footwear/Tobermory.jpg,0
eqwntb_3,-2,Tobermory Snow,Nordic Ski Boots,,/content/dam/geometrixx-outdoors/products/footwear/Tobermory.jpg,/content/dam/geometrixx-outdoors/products/footwear/Tobermory.jpg,0
eqwntb_4,-2,Tobermory Snow,Nordic Ski Boots,,/content/dam/geometrixx-outdoors/products/footwear/Tobermory.jpg,/content/dam/geometrixx-outdoors/products/footwear/Tobermory.jpg,0
eqwntb_5,-2,Tobermory Snow,Nordic Ski Boots,,/content/dam/geometrixx-outdoors/products/footwear/Tobermory.jpg,/content/dam/geometrixx-outdoors/products/footwear/Tobermory.jpg,0
eqwntb_6,-2,Tobermory Snow,Nordic Ski Boots,,/content/dam/geometrixx-outdoors/products/footwear/Tobermory.jpg,/content/dam/geometrixx-outdoors/products/footwear/Tobermory.jpg,0
eqwntb_7,-2,Tobermory Snow,Nordic Ski Boots,,/content/dam/geometrixx-outdoors/products/footwear/Tobermory.jpg,/content/dam/geometrixx-outdoors/products/footwear/Tobermory.jpg,0
eqwntb_8,-2,Tobermory Snow,Nordic Ski Boots,,/content/dam/geometrixx-outdoors/products/footwear/Tobermory.jpg,/content/dam/geometrixx-outdoors/products/footwear/Tobermory.jpg,0
eqwntb_9,-2,Tobermory Snow,Nordic Ski Boots,,/content/dam/geometrixx-outdoors/products/footwear/Tobermory.jpg,/content/dam/geometrixx-outdoors/products/footwear/Tobermory.jpg,0
eqwnwh,-2,Whistler Snow,Snowboard,"<p>With the newly developed Geospan core made from straight-grained Finnish birch, the Whistler is lightweight yet responsive. This high-performance board let's you push the envelope while staying totally in control. The Omnichrome finish protects the structure of the board and looks great doing it!</p>",/content/dam/geometrixx-outdoors/products/equipment/Whistler.jpg,/content/dam/geometrixx-outdoors/products/equipment/Whistler.jpg,0
eqwnwh_1,-2,Whistler Snow,Snowboard,"<p>With the newly developed Geospan core made from straight-grained Finnish birch, the Whistler is lightweight yet responsive. This high-performance board let's you push the envelope while staying totally in control. The Omnichrome finish protects the structure of the board and looks great doing it!</p>",/content/dam/geometrixx-outdoors/products/equipment/Whistler.jpg,/content/dam/geometrixx-outdoors/products/equipment/Whistler.jpg,0
eqwnwh_2,-2,Whistler Snow,Snowboard,"<p>With the newly developed Geospan core made from straight-grained Finnish birch, the Whistler is lightweight yet responsive. This high-performance board let's you push the envelope while staying totally in control. The Omnichrome finish protects the structure of the board and looks great doing it!</p>",/content/dam/geometrixx-outdoors/products/equipment/Whistler.jpg,/content/dam/geometrixx-outdoors/products/equipment/Whistler.jpg,0
eqwnwh_3,-2,Whistler Snow,Snowboard,"<p>With the newly developed Geospan core made from straight-grained Finnish birch, the Whistler is lightweight yet responsive. This high-performance board let's you push the envelope while staying totally in control. The Omnichrome finish protects the structure of the board and looks great doing it!</p>",/content/dam/geometrixx-outdoors/products/equipment/Whistler.jpg,/content/dam/geometrixx-outdoors/products/equipment/Whistler.jpg,0
eqwnwh_4,-2,Whistler Snow,Snowboard,"<p>With the newly developed Geospan core made from straight-grained Finnish birch, the Whistler is lightweight yet responsive. This high-performance board let's you push the envelope while staying totally in control. The Omnichrome finish protects the structure of the board and looks great doing it!</p>",/content/dam/geometrixx-outdoors/products/equipment/Whistler.jpg,/content/dam/geometrixx-outdoors/products/equipment/Whistler.jpg,0
mnapan,-2,Ashanti Nomad,Men's Cotton T-Shirt,"<p>The Ashanti is a great looking tee made from high-quality, durable material. We have put this shirt through a battery of tests and it has stood up well: no shrinking, staining or fading. The medium-weight fabric keeps its shape well and retains a soft comfortable feel even after many washings. The fit is relaxed for all-day wear. Soft jersey-knit taping on the neck seam. Straight hem. Durable double-needle stitching. Tagless printed label for added comfort. 6 oz. jersey-knit fabric. Imported. Machine wash and dry.</p>",/content/dam/geometrixx-outdoors/products/shirt/Ashanti.jpg,/content/dam/geometrixx-outdoors/products/shirt/Ashanti.jpg,0
mnapan_1,-2,Ashanti Nomad,Men's Cotton T-Shirt,"<p>The Ashanti is a great looking tee made from high-quality, durable material. We have put this shirt through a battery of tests and it has stood up well: no shrinking, staining or fading. The medium-weight fabric keeps its shape well and retains a soft comfortable feel even after many washings. The fit is relaxed for all-day wear. Soft jersey-knit taping on the neck seam. Straight hem. Durable double-needle stitching. Tagless printed label for added comfort. 6 oz. jersey-knit fabric. Imported. Machine wash and dry.</p>",/content/dam/geometrixx-outdoors/products/shirt/Ashanti.jpg,/content/dam/geometrixx-outdoors/products/shirt/Ashanti.jpg,0
mnapan_2,-2,Ashanti Nomad,Men's Cotton T-Shirt,"<p>The Ashanti is a great looking tee made from high-quality, durable material. We have put this shirt through a battery of tests and it has stood up well: no shrinking, staining or fading. The medium-weight fabric keeps its shape well and retains a soft comfortable feel even after many washings. The fit is relaxed for all-day wear. Soft jersey-knit taping on the neck seam. Straight hem. Durable double-needle stitching. Tagless printed label for added comfort. 6 oz. jersey-knit fabric. Imported. Machine wash and dry.</p>",/content/dam/geometrixx-outdoors/products/shirt/Ashanti.jpg,/content/dam/geometrixx-outdoors/products/shirt/Ashanti.jpg,0
mnapan_3,-2,Ashanti Nomad,Men's Cotton T-Shirt,"<p>The Ashanti is a great looking tee made from high-quality, durable material. We have put this shirt through a battery of tests and it has stood up well: no shrinking, staining or fading. The medium-weight fabric keeps its shape well and retains a soft comfortable feel even after many washings. The fit is relaxed for all-day wear. Soft jersey-knit taping on the neck seam. Straight hem. Durable double-needle stitching. Tagless printed label for added comfort. 6 oz. jersey-knit fabric. Imported. Machine wash and dry.</p>",/content/dam/geometrixx-outdoors/products/shirt/Ashanti.jpg,/content/dam/geometrixx-outdoors/products/shirt/Ashanti.jpg,0
mnapan_4,-2,Ashanti Nomad,Men's Cotton T-Shirt,"<p>The Ashanti is a great looking tee made from high-quality, durable material. We have put this shirt through a battery of tests and it has stood up well: no shrinking, staining or fading. The medium-weight fabric keeps its shape well and retains a soft comfortable feel even after many washings. The fit is relaxed for all-day wear. Soft jersey-knit taping on the neck seam. Straight hem. Durable double-needle stitching. Tagless printed label for added comfort. 6 oz. jersey-knit fabric. Imported. Machine wash and dry.</p>",/content/dam/geometrixx-outdoors/products/shirt/Ashanti.jpg,/content/dam/geometrixx-outdoors/products/shirt/Ashanti.jpg,0
mnapbc,-2,Bambara Cargo,,"<p>The Bambara tee is made with a light weave of pure cotton. Just throw it on an go. Available in a variety of sizes and colors, this is the ideal utility tee. Everyone should have half a dozen of these!<br></p>",/content/dam/geometrixx-outdoors/products/shirt/Bambara.jpg,/content/dam/geometrixx-outdoors/products/shirt/Bambara.jpg,0
mnapbc_1,-2,Bambara Cargo,,"<p>The Bambara tee is made with a light weave of pure cotton. Just throw it on an go. Available in a variety of sizes and colors, this is the ideal utility tee. Everyone should have half a dozen of these!<br></p>",/content/dam/geometrixx-outdoors/products/shirt/Bambara.jpg,/content/dam/geometrixx-outdoors/products/shirt/Bambara.jpg,0
mnapbc_2,-2,Bambara Cargo,,"<p>The Bambara tee is made with a light weave of pure cotton. Just throw it on an go. Available in a variety of sizes and colors, this is the ideal utility tee. Everyone should have half a dozen of these!<br></p>",/content/dam/geometrixx-outdoors/products/shirt/Bambara.jpg,/content/dam/geometrixx-outdoors/products/shirt/Bambara.jpg,0
mnapbc_3,-2,Bambara Cargo,,"<p>The Bambara tee is made with a light weave of pure cotton. Just throw it on an go. Available in a variety of sizes and colors, this is the ideal utility tee. Everyone should have half a dozen of these!<br></p>",/content/dam/geometrixx-outdoors/products/shirt/Bambara.jpg,/content/dam/geometrixx-outdoors/products/shirt/Bambara.jpg,0
mnapbc_4,-2,Bambara Cargo,,"<p>The Bambara tee is made with a light weave of pure cotton. Just throw it on an go. Available in a variety of sizes and colors, this is the ideal utility tee. Everyone should have half a dozen of these!<br></p>",/content/dam/geometrixx-outdoors/products/shirt/Bambara.jpg,/content/dam/geometrixx-outdoors/products/shirt/Bambara.jpg,0
mnapbc_5,-2,Bambara Cargo,,"<p>The Bambara tee is made with a light weave of pure cotton. Just throw it on an go. Available in a variety of sizes and colors, this is the ideal utility tee. Everyone should have half a dozen of these!<br></p>",/content/dam/geometrixx-outdoors/products/shirt/Bambara.jpg,/content/dam/geometrixx-outdoors/products/shirt/Bambara.jpg,0
mnapbc_6,-2,Bambara Cargo,,"<p>The Bambara tee is made with a light weave of pure cotton. Just throw it on an go. Available in a variety of sizes and colors, this is the ideal utility tee. Everyone should have half a dozen of these!<br></p>",/content/dam/geometrixx-outdoors/products/shirt/Bambara.jpg,/content/dam/geometrixx-outdoors/products/shirt/Bambara.jpg,0
mnapew,-2,Edmonton Winter,Men's Winter Coat,,/content/dam/geometrixx-outdoors/products/coat/Edmonton.jpg,/content/dam/geometrixx-outdoors/products/coat/Edmonton.jpg,0
mnapew_1,-2,Edmonton Winter,Men's Winter Coat,,/content/dam/geometrixx-outdoors/products/coat/Edmonton.jpg,/content/dam/geometrixx-outdoors/products/coat/Edmonton.jpg,0
mnapew_2,-2,Edmonton Winter,Men's Winter Coat,,/content/dam/geometrixx-outdoors/products/coat/Edmonton.jpg,/content/dam/geometrixx-outdoors/products/coat/Edmonton.jpg,0
mnapew_3,-2,Edmonton Winter,Men's Winter Coat,,/content/dam/geometrixx-outdoors/products/coat/Edmonton.jpg,/content/dam/geometrixx-outdoors/products/coat/Edmonton.jpg,0
mnapew_4,-2,Edmonton Winter,Men's Winter Coat,,/content/dam/geometrixx-outdoors/products/coat/Edmonton.jpg,/content/dam/geometrixx-outdoors/products/coat/Edmonton.jpg,0
mnapew_5,-2,Edmonton Winter,Men's Winter Coat,,/content/dam/geometrixx-outdoors/products/coat/Edmonton.jpg,/content/dam/geometrixx-outdoors/products/coat/Edmonton.jpg,0
mnapfn,-2,Fulani Nomad,Men's Hiking Pants,"<p>Fulani pants are ideal for hiking or camping. Durable quick-dry fabric ensures that you are always comfortable. An elasticized waistband provides comfort and fit. And best of all, when you get too warm, you can convert them to shorts!<br></p>",/content/dam/geometrixx-outdoors/products/pants/Fulani.jpg,/content/dam/geometrixx-outdoors/products/pants/Fulani.jpg,0
mnapfn_1,-2,Fulani Nomad,Men's Hiking Pants,"<p>Fulani pants are ideal for hiking or camping. Durable quick-dry fabric ensures that you are always comfortable. An elasticized waistband provides comfort and fit. And best of all, when you get too warm, you can convert them to shorts!<br></p>",/content/dam/geometrixx-outdoors/products/pants/Fulani.jpg,/content/dam/geometrixx-outdoors/products/pants/Fulani.jpg,0
mnapjs,-2,Jola Samhradh,Bríste Gearr do na Fir,<p>Éasca a nigh cadás éadrom a coinníonn tú fionnuar agus compordach san aimsir is teo. Fabraic a chomhracfaidh smáil. Pócaí breise tosaigh domhain. Tá oiriúnach nádúrtha scíth a ligean tríd an cromáin agus leis le cosa díreach. Fuála dúbhailte ar fud. Níochán meaisín agus tirim.</p>,/content/dam/geometrixx-outdoors/products/shorts/Jola Blue.jpg,/content/dam/geometrixx-outdoors/products/shorts/Jola Blue.jpg,0
mnapjs.1_1,-2,Jola Samhradh Gorm,Bríste Gearr do na Fir,<p>Éasca a nigh cadás éadrom a coinníonn tú fionnuar agus compordach san aimsir is teo. Fabraic a chomhracfaidh smáil. Pócaí breise tosaigh domhain. Tá oiriúnach nádúrtha scíth a ligean tríd an cromáin agus leis le cosa díreach. Fuála dúbhailte ar fud. Níochán meaisín agus tirim.</p>,/content/dam/geometrixx-outdoors/products/shorts/Jola Blue.jpg,/content/dam/geometrixx-outdoors/products/shorts/Jola Blue.jpg,0
mnapjs.1_2,-2,Jola Samhradh Gorm,Bríste Gearr do na Fir,<p>Éasca a nigh cadás éadrom a coinníonn tú fionnuar agus compordach san aimsir is teo. Fabraic a chomhracfaidh smáil. Pócaí breise tosaigh domhain. Tá oiriúnach nádúrtha scíth a ligean tríd an cromáin agus leis le cosa díreach. Fuála dúbhailte ar fud. Níochán meaisín agus tirim.</p>,/content/dam/geometrixx-outdoors/products/shorts/Jola Blue.jpg,/content/dam/geometrixx-outdoors/products/shorts/Jola Blue.jpg,0
mnapjs.1_3,-2,Jola Samhradh Gorm,Bríste Gearr do na Fir,<p>Éasca a nigh cadás éadrom a coinníonn tú fionnuar agus compordach san aimsir is teo. Fabraic a chomhracfaidh smáil. Pócaí breise tosaigh domhain. Tá oiriúnach nádúrtha scíth a ligean tríd an cromáin agus leis le cosa díreach. Fuála dúbhailte ar fud. Níochán meaisín agus tirim.</p>,/content/dam/geometrixx-outdoors/products/shorts/Jola Blue.jpg,/content/dam/geometrixx-outdoors/products/shorts/Jola Blue.jpg,0
mnapjs.2_1,-2,Jola Samhradh Glas,Bríste Gearr do na Fir,<p>Éasca a nigh cadás éadrom a coinníonn tú fionnuar agus compordach san aimsir is teo. Fabraic a chomhracfaidh smáil. Pócaí breise tosaigh domhain. Tá oiriúnach nádúrtha scíth a ligean tríd an cromáin agus leis le cosa díreach. Fuála dúbhailte ar fud. Níochán meaisín agus tirim.</p>,/content/dam/geometrixx-outdoors/products/shorts/Jola Green.jpg,/content/dam/geometrixx-outdoors/products/shorts/Jola Green.jpg,0
mnapjs.2_2,-2,Jola Samhradh Glas,Bríste Gearr do na Fir,<p>Éasca a nigh cadás éadrom a coinníonn tú fionnuar agus compordach san aimsir is teo. Fabraic a chomhracfaidh smáil. Pócaí breise tosaigh domhain. Tá oiriúnach nádúrtha scíth a ligean tríd an cromáin agus leis le cosa díreach. Fuála dúbhailte ar fud. Níochán meaisín agus tirim.</p>,/content/dam/geometrixx-outdoors/products/shorts/Jola Green.jpg,/content/dam/geometrixx-outdoors/products/shorts/Jola Green.jpg,0
mnapjs.2_3,-2,Jola Samhradh Glas,Bríste Gearr do na Fir,<p>Éasca a nigh cadás éadrom a coinníonn tú fionnuar agus compordach san aimsir is teo. Fabraic a chomhracfaidh smáil. Pócaí breise tosaigh domhain. Tá oiriúnach nádúrtha scíth a ligean tríd an cromáin agus leis le cosa díreach. Fuála dúbhailte ar fud. Níochán meaisín agus tirim.</p>,/content/dam/geometrixx-outdoors/products/shorts/Jola Green.jpg,/content/dam/geometrixx-outdoors/products/shorts/Jola Green.jpg,0
mnapjs.2_4,-2,Jola Samhradh Glas,Bríste Gearr do na Fir,<p>Éasca a nigh cadás éadrom a coinníonn tú fionnuar agus compordach san aimsir is teo. Fabraic a chomhracfaidh smáil. Pócaí breise tosaigh domhain. Tá oiriúnach nádúrtha scíth a ligean tríd an cromáin agus leis le cosa díreach. Fuála dúbhailte ar fud. Níochán meaisín agus tirim.</p>,/content/dam/geometrixx-outdoors/products/shorts/Jola Green.jpg,/content/dam/geometrixx-outdoors/products/shorts/Jola Green.jpg,0
mnapms,-2,Marka Spóirt,Bríste Gearr Lúthcleasach do na Fir,<p>Éasca a nigh cadás éadrom a coinníonn tú fionnuar agus compordach san aimsir is teo. Fabraic a chomhracfaidh smáil. Pócaí breise tosaigh domhain. Tá oiriúnach nádúrtha scíth a ligean tríd an cromáin agus leis le cosa díreach. Fuála dúbhailte ar fud. Níochán meaisín agus tirim.</p>,/content/dam/geometrixx-outdoors/products/shorts/Marka Red.jpg,/content/dam/geometrixx-outdoors/products/shorts/Marka Red.jpg,0
mnapms.b_1,-2,Marka Spóirt Gorm,Bríste Gearr Lúthcleasach do na Fir,<p>Éasca a nigh cadás éadrom a coinníonn tú fionnuar agus compordach san aimsir is teo. Fabraic a chomhracfaidh smáil. Pócaí breise tosaigh domhain. Tá oiriúnach nádúrtha scíth a ligean tríd an cromáin agus leis le cosa díreach. Fuála dúbhailte ar fud. Níochán meaisín agus tirim.</p>,/content/dam/geometrixx-outdoors/products/shorts/Marka Blue.jpg,/content/dam/geometrixx-outdoors/products/shorts/Marka Blue.jpg,0
mnapms.b_2,-2,Marka Spóirt Gorm,Bríste Gearr Lúthcleasach do na Fir,<p>Éasca a nigh cadás éadrom a coinníonn tú fionnuar agus compordach san aimsir is teo. Fabraic a chomhracfaidh smáil. Pócaí breise tosaigh domhain. Tá oiriúnach nádúrtha scíth a ligean tríd an cromáin agus leis le cosa díreach. Fuála dúbhailte ar fud. Níochán meaisín agus tirim.</p>,/content/dam/geometrixx-outdoors/products/shorts/Marka Blue.jpg,/content/dam/geometrixx-outdoors/products/shorts/Marka Blue.jpg,0
mnapms.b_3,-2,Marka Spóirt Gorm,Bríste Gearr Lúthcleasach do na Fir,<p>Éasca a nigh cadás éadrom a coinníonn tú fionnuar agus compordach san aimsir is teo. Fabraic a chomhracfaidh smáil. Pócaí breise tosaigh domhain. Tá oiriúnach nádúrtha scíth a ligean tríd an cromáin agus leis le cosa díreach. Fuála dúbhailte ar fud. Níochán meaisín agus tirim.</p>,/content/dam/geometrixx-outdoors/products/shorts/Marka Blue.jpg,/content/dam/geometrixx-outdoors/products/shorts/Marka Blue.jpg,0
mnapms.r_1,-2,Marka Spóirt Dearg,Bríste Gearr Lúthcleasach do na Fir,<p>Éasca a nigh cadás éadrom a coinníonn tú fionnuar agus compordach san aimsir is teo. Fabraic a chomhracfaidh smáil. Pócaí breise tosaigh domhain. Tá oiriúnach nádúrtha scíth a ligean tríd an cromáin agus leis le cosa díreach. Fuála dúbhailte ar fud. Níochán meaisín agus tirim.</p>,/content/dam/geometrixx-outdoors/products/shorts/Marka Red.jpg,/content/dam/geometrixx-outdoors/products/shorts/Marka Red.jpg,0
mnapms.r_2,-2,Marka Spóirt Dearg,Bríste Gearr Lúthcleasach do na Fir,<p>Éasca a nigh cadás éadrom a coinníonn tú fionnuar agus compordach san aimsir is teo. Fabraic a chomhracfaidh smáil. Pócaí breise tosaigh domhain. Tá oiriúnach nádúrtha scíth a ligean tríd an cromáin agus leis le cosa díreach. Fuála dúbhailte ar fud. Níochán meaisín agus tirim.</p>,/content/dam/geometrixx-outdoors/products/shorts/Marka Red.jpg,/content/dam/geometrixx-outdoors/products/shorts/Marka Red.jpg,0
mnapms.r_3,-2,Marka Spóirt Dearg,Bríste Gearr Lúthcleasach do na Fir,<p>Éasca a nigh cadás éadrom a coinníonn tú fionnuar agus compordach san aimsir is teo. Fabraic a chomhracfaidh smáil. Pócaí breise tosaigh domhain. Tá oiriúnach nádúrtha scíth a ligean tríd an cromáin agus leis le cosa díreach. Fuála dúbhailte ar fud. Níochán meaisín agus tirim.</p>,/content/dam/geometrixx-outdoors/products/shorts/Marka Red.jpg,/content/dam/geometrixx-outdoors/products/shorts/Marka Red.jpg,0
mnaptg,-2,Taureg Samhradh,Bríste Gearr Lúthcleasach do na Fir,<p>Éasca a nigh cadás éadrom a coinníonn tú fionnuar agus compordach san aimsir is teo. Fabraic a chomhracfaidh smáil. Pócaí breise tosaigh domhain. Tá oiriúnach nádúrtha scíth a ligean tríd an cromáin agus leis le cosa díreach. Fuála dúbhailte ar fud. Níochán meaisín agus tirim.</p>,/content/dam/geometrixx-outdoors/products/shorts/Tuareg.jpg,/content/dam/geometrixx-outdoors/products/shorts/Tuareg.jpg,0
mnaptg_1,-2,Taureg Samhradh,Bríste Gearr Lúthcleasach do na Fir,<p>Éasca a nigh cadás éadrom a coinníonn tú fionnuar agus compordach san aimsir is teo. Fabraic a chomhracfaidh smáil. Pócaí breise tosaigh domhain. Tá oiriúnach nádúrtha scíth a ligean tríd an cromáin agus leis le cosa díreach. Fuála dúbhailte ar fud. Níochán meaisín agus tirim.</p>,/content/dam/geometrixx-outdoors/products/shorts/Tuareg.jpg,/content/dam/geometrixx-outdoors/products/shorts/Tuareg.jpg,0
mnaptg_2,-2,Taureg Samhradh,Bríste Gearr Lúthcleasach do na Fir,<p>Éasca a nigh cadás éadrom a coinníonn tú fionnuar agus compordach san aimsir is teo. Fabraic a chomhracfaidh smáil. Pócaí breise tosaigh domhain. Tá oiriúnach nádúrtha scíth a ligean tríd an cromáin agus leis le cosa díreach. Fuála dúbhailte ar fud. Níochán meaisín agus tirim.</p>,/content/dam/geometrixx-outdoors/products/shorts/Tuareg.jpg,/content/dam/geometrixx-outdoors/products/shorts/Tuareg.jpg,0
mnaptg_3,-2,Taureg Samhradh,Bríste Gearr Lúthcleasach do na Fir,<p>Éasca a nigh cadás éadrom a coinníonn tú fionnuar agus compordach san aimsir is teo. Fabraic a chomhracfaidh smáil. Pócaí breise tosaigh domhain. Tá oiriúnach nádúrtha scíth a ligean tríd an cromáin agus leis le cosa díreach. Fuála dúbhailte ar fud. Níochán meaisín agus tirim.</p>,/content/dam/geometrixx-outdoors/products/shorts/Tuareg.jpg,/content/dam/geometrixx-outdoors/products/shorts/Tuareg.jpg,0
mnaptg_4,-2,Taureg Samhradh,Bríste Gearr Lúthcleasach do na Fir,<p>Éasca a nigh cadás éadrom a coinníonn tú fionnuar agus compordach san aimsir is teo. Fabraic a chomhracfaidh smáil. Pócaí breise tosaigh domhain. Tá oiriúnach nádúrtha scíth a ligean tríd an cromáin agus leis le cosa díreach. Fuála dúbhailte ar fud. Níochán meaisín agus tirim.</p>,/content/dam/geometrixx-outdoors/products/shorts/Tuareg.jpg,/content/dam/geometrixx-outdoors/products/shorts/Tuareg.jpg,0
snsmmv,-2,Montevideo,Sun Hat,,/content/dam/geometrixx-outdoors/products/hat/Montevideo.jpg,/content/dam/geometrixx-outdoors/products/hat/Montevideo.jpg,0
snsmmv_1,-2,Montevideo,Sun Hat,,/content/dam/geometrixx-outdoors/products/hat/Montevideo.jpg,/content/dam/geometrixx-outdoors/products/hat/Montevideo.jpg,0
snwnbs,-2,Baffin Snow,Winter Hat,,/content/dam/geometrixx-outdoors/products/hat/Baffin.jpg,/content/dam/geometrixx-outdoors/products/hat/Baffin.jpg,0
snwnbs_1,-2,Baffin Snow,Winter Hat,,/content/dam/geometrixx-outdoors/products/hat/Baffin.jpg,/content/dam/geometrixx-outdoors/products/hat/Baffin.jpg,0
snwncw,-2,Calgary Winter,Women's Winter Coat,<p>The Calgary wommen's winter coat is insulated with goose down to keep you warm even on the coldest days. A breatable water-resistant outer shell keeps you dry and keeps the wind out.<br></p>,/content/dam/geometrixx-outdoors/products/coat/Calgary.jpg,/content/dam/geometrixx-outdoors/products/coat/Calgary.jpg,0
snwncw_1,-2,Calgary Winter,Women's Winter Coat,<p>The Calgary wommen's winter coat is insulated with goose down to keep you warm even on the coldest days. A breatable water-resistant outer shell keeps you dry and keeps the wind out.<br></p>,/content/dam/geometrixx-outdoors/products/coat/Calgary.jpg,/content/dam/geometrixx-outdoors/products/coat/Calgary.jpg,0
snwncw_2,-2,Calgary Winter,Women's Winter Coat,<p>The Calgary wommen's winter coat is insulated with goose down to keep you warm even on the coldest days. A breatable water-resistant outer shell keeps you dry and keeps the wind out.<br></p>,/content/dam/geometrixx-outdoors/products/coat/Calgary.jpg,/content/dam/geometrixx-outdoors/products/coat/Calgary.jpg,0
snwncw_3,-2,Calgary Winter,Women's Winter Coat,<p>The Calgary wommen's winter coat is insulated with goose down to keep you warm even on the coldest days. A breatable water-resistant outer shell keeps you dry and keeps the wind out.<br></p>,/content/dam/geometrixx-outdoors/products/coat/Calgary.jpg,/content/dam/geometrixx-outdoors/products/coat/Calgary.jpg,0
snwnhw,-2,Halifax Winter,Scarf,,/content/dam/geometrixx-outdoors/products/scarf/Halifax.jpg,/content/dam/geometrixx-outdoors/products/scarf/Halifax.jpg,0
snwnhw_1,-2,Halifax Winter,Scarf,,/content/dam/geometrixx-outdoors/products/scarf/Halifax.jpg,/content/dam/geometrixx-outdoors/products/scarf/Halifax.jpg,0
snwnms,-2,Montreal Snow,Winter Hat,,/content/dam/geometrixx-outdoors/products/hat/Montreal Red.jpg,/content/dam/geometrixx-outdoors/products/hat/Montreal Red.jpg,0
snwnms.1,-2,Montreal Snow Red,Winter Hat,,/content/dam/geometrixx-outdoors/products/hat/Montreal Red.jpg,/content/dam/geometrixx-outdoors/products/hat/Montreal Red.jpg,0
snwnms.2,-2,Montreal Snow Pink,Winter Hat,,/content/dam/geometrixx-outdoors/products/hat/Montreal Pink.jpg,/content/dam/geometrixx-outdoors/products/hat/Montreal Pink.jpg,0
snwnms.3,-2,Montreal Snow Blue,Winter Hat,,/content/dam/geometrixx-outdoors/products/hat/Montreal Blue.jpg,/content/dam/geometrixx-outdoors/products/hat/Montreal Blue.jpg,0
snwnsw,-2,Sherbrooke Winter,Scarf,,/content/dam/geometrixx-outdoors/products/scarf/Sherbrooke.jpg,/content/dam/geometrixx-outdoors/products/scarf/Sherbrooke.jpg,0
snwnsw_1,-2,Sherbrooke Winter,Scarf,,/content/dam/geometrixx-outdoors/products/scarf/Sherbrooke.jpg,/content/dam/geometrixx-outdoors/products/scarf/Sherbrooke.jpg,0
wmapaw,-2,Abidjan Water,Swim Trunks,"<p>Summer's here and beach is calling. Whether you want to surf the waves or just lie in the sand, Abidjan swim trunks look great and feel better.<br></p>",/content/dam/geometrixx-outdoors/products/swimming/Abidjan Red.jpg,/content/dam/geometrixx-outdoors/products/swimming/Abidjan Red.jpg,0
wmapaw.b_1,-2,Abidjan Water Blue,Swim Trunks,"<p>Summer's here and beach is calling. Whether you want to surf the waves or just lie in the sand, Abidjan swim trunks look great and feel better.<br></p>",/content/dam/geometrixx-outdoors/products/swimming/Abidjan Blue.jpg,/content/dam/geometrixx-outdoors/products/swimming/Abidjan Blue.jpg,0
wmapaw.b_2,-2,Abidjan Water Blue,Swim Trunks,"<p>Summer's here and beach is calling. Whether you want to surf the waves or just lie in the sand, Abidjan swim trunks look great and feel better.<br></p>",/content/dam/geometrixx-outdoors/products/swimming/Abidjan Blue.jpg,/content/dam/geometrixx-outdoors/products/swimming/Abidjan Blue.jpg,0
wmapaw.b_3,-2,Abidjan Water Blue,Swim Trunks,"<p>Summer's here and beach is calling. Whether you want to surf the waves or just lie in the sand, Abidjan swim trunks look great and feel better.<br></p>",/content/dam/geometrixx-outdoors/products/swimming/Abidjan Blue.jpg,/content/dam/geometrixx-outdoors/products/swimming/Abidjan Blue.jpg,0
wmapaw.r_1,-2,Abidjan Water Red,Swim Trunks,"<p>Summer's here and beach is calling. Whether you want to surf the waves or just lie in the sand, Abidjan swim trunks look great and feel better.<br></p>",/content/dam/geometrixx-outdoors/products/swimming/Abidjan Red.jpg,/content/dam/geometrixx-outdoors/products/swimming/Abidjan Red.jpg,0
wmapaw.r_2,-2,Abidjan Water Red,Swim Trunks,"<p>Summer's here and beach is calling. Whether you want to surf the waves or just lie in the sand, Abidjan swim trunks look great and feel better.<br></p>",/content/dam/geometrixx-outdoors/products/swimming/Abidjan Red.jpg,/content/dam/geometrixx-outdoors/products/swimming/Abidjan Red.jpg,0
wmapaw.r_3,-2,Abidjan Water Red,Swim Trunks,"<p>Summer's here and beach is calling. Whether you want to surf the waves or just lie in the sand, Abidjan swim trunks look great and feel better.<br></p>",/content/dam/geometrixx-outdoors/products/swimming/Abidjan Red.jpg,/content/dam/geometrixx-outdoors/products/swimming/Abidjan Red.jpg,0
wmapbb,-2,Bora Bora,Léine Chorpacmhainne do na Mná,<p>Cadás éadrom i réimse na dathanna. Foirfe don dá oibriú amach nó scíth a ligean sa bhaile.</p>,/content/dam/geometrixx-outdoors/products/shirt/Bora Bora.jpg,/content/dam/geometrixx-outdoors/products/shirt/Bora Bora.jpg,0
wmapbb_1,-2,Bora Bora,Léine Chorpacmhainne do na Mná,<p>Cadás éadrom i réimse na dathanna. Foirfe don dá oibriú amach nó scíth a ligean sa bhaile.</p>,/content/dam/geometrixx-outdoors/products/shirt/Bora Bora.jpg,/content/dam/geometrixx-outdoors/products/shirt/Bora Bora.jpg,0
wmapbb_2,-2,Bora Bora,Léine Chorpacmhainne do na Mná,<p>Cadás éadrom i réimse na dathanna. Foirfe don dá oibriú amach nó scíth a ligean sa bhaile.</p>,/content/dam/geometrixx-outdoors/products/shirt/Bora Bora.jpg,/content/dam/geometrixx-outdoors/products/shirt/Bora Bora.jpg,0
wmapbb_3,-2,Bora Bora,Léine Chorpacmhainne do na Mná,<p>Cadás éadrom i réimse na dathanna. Foirfe don dá oibriú amach nó scíth a ligean sa bhaile.</p>,/content/dam/geometrixx-outdoors/products/shirt/Bora Bora.jpg,/content/dam/geometrixx-outdoors/products/shirt/Bora Bora.jpg,0
wmapbb_4,-2,Bora Bora,Léine Chorpacmhainne do na Mná,<p>Cadás éadrom i réimse na dathanna. Foirfe don dá oibriú amach nó scíth a ligean sa bhaile.</p>,/content/dam/geometrixx-outdoors/products/shirt/Bora Bora.jpg,/content/dam/geometrixx-outdoors/products/shirt/Bora Bora.jpg,0
wmapbb_5,-2,Bora Bora,Léine Chorpacmhainne do na Mná,<p>Cadás éadrom i réimse na dathanna. Foirfe don dá oibriú amach nó scíth a ligean sa bhaile.</p>,/content/dam/geometrixx-outdoors/products/shirt/Bora Bora.jpg,/content/dam/geometrixx-outdoors/products/shirt/Bora Bora.jpg,0
wmapbz,-2,Brazzaville,Bikini,<p>The Brazzaville bikini really captures that &quot;fun-in-the-sun&quot; feeling. Its made of high quality fabric and comes in tons of colors!<br></p>,/content/dam/geometrixx-outdoors/products/swimming/Brazzaville Warm.jpg,/content/dam/geometrixx-outdoors/products/swimming/Brazzaville Warm.jpg,0
wmapbz.c_1,-2,Brazzaville,Bikini,<p>The Brazzaville bikini really captures that &quot;fun-in-the-sun&quot; feeling. Its made of high quality fabric and comes in tons of colors!<br></p>,/content/dam/geometrixx-outdoors/products/swimming/Brazzaville Cold.jpg,/content/dam/geometrixx-outdoors/products/swimming/Brazzaville Cold.jpg,0
wmapbz.w_1,-2,Brazzaville,Bikini,<p>The Brazzaville bikini really captures that &quot;fun-in-the-sun&quot; feeling. Its made of high quality fabric and comes in tons of colors!<br></p>,/content/dam/geometrixx-outdoors/products/swimming/Brazzaville Warm.jpg,/content/dam/geometrixx-outdoors/products/swimming/Brazzaville Warm.jpg,0
wmapbz.w_2,-2,Brazzaville,Bikini,<p>The Brazzaville bikini really captures that &quot;fun-in-the-sun&quot; feeling. Its made of high quality fabric and comes in tons of colors!<br></p>,/content/dam/geometrixx-outdoors/products/swimming/Brazzaville Warm.jpg,/content/dam/geometrixx-outdoors/products/swimming/Brazzaville Warm.jpg,0
wmapbz.w_3,-2,Brazzaville,Bikini,<p>The Brazzaville bikini really captures that &quot;fun-in-the-sun&quot; feeling. Its made of high quality fabric and comes in tons of colors!<br></p>,/content/dam/geometrixx-outdoors/products/swimming/Brazzaville Warm.jpg,/content/dam/geometrixx-outdoors/products/swimming/Brazzaville Warm.jpg,0
wmapfs,-2,Fiji Spóirt,Bríste Gearr Reatha do na Mná,<p>Fabraic cadás-bhunaithe bog agus rite a cheadú saoirse mór gluaiseachta as well as breathability.Réimse na dathanna ar fáil. </p>,/content/dam/geometrixx-outdoors/products/shorts/Fiji Blue.jpg,/content/dam/geometrixx-outdoors/products/shorts/Fiji Blue.jpg,0
wmapfs.b_1,-2,Fiji Spóirt Gorm,Bríste Gearr Reatha do na Mná,<p>Fabraic cadás-bhunaithe bog agus rite a cheadú saoirse mór gluaiseachta as well as breathability.Réimse na dathanna ar fáil. </p>,/content/dam/geometrixx-outdoors/products/shorts/Fiji Blue.jpg,/content/dam/geometrixx-outdoors/products/shorts/Fiji Blue.jpg,0
wmapfs.b_2,-2,Fiji Spóirt Gorm,Bríste Gearr Reatha do na Mná,<p>Fabraic cadás-bhunaithe bog agus rite a cheadú saoirse mór gluaiseachta as well as breathability.Réimse na dathanna ar fáil. </p>,/content/dam/geometrixx-outdoors/products/shorts/Fiji Blue.jpg,/content/dam/geometrixx-outdoors/products/shorts/Fiji Blue.jpg,0
wmapfs.b_3,-2,Fiji Spóirt Gorm,Bríste Gearr Reatha do na Mná,<p>Fabraic cadás-bhunaithe bog agus rite a cheadú saoirse mór gluaiseachta as well as breathability.Réimse na dathanna ar fáil. </p>,/content/dam/geometrixx-outdoors/products/shorts/Fiji Blue.jpg,/content/dam/geometrixx-outdoors/products/shorts/Fiji Blue.jpg,0
wmapfs.b_4,-2,Fiji Spóirt Gorm,Bríste Gearr Reatha do na Mná,<p>Fabraic cadás-bhunaithe bog agus rite a cheadú saoirse mór gluaiseachta as well as breathability.Réimse na dathanna ar fáil. </p>,/content/dam/geometrixx-outdoors/products/shorts/Fiji Blue.jpg,/content/dam/geometrixx-outdoors/products/shorts/Fiji Blue.jpg,0
wmapfs.b_5,-2,Fiji Spóirt Gorm,Bríste Gearr Reatha do na Mná,<p>Fabraic cadás-bhunaithe bog agus rite a cheadú saoirse mór gluaiseachta as well as breathability.Réimse na dathanna ar fáil. </p>,/content/dam/geometrixx-outdoors/products/shorts/Fiji Blue.jpg,/content/dam/geometrixx-outdoors/products/shorts/Fiji Blue.jpg,0
wmapfs.r_1,-2,Fiji Spóirt Dearg,Bríste Gearr Reatha do na Mná,<p>Fabraic cadás-bhunaithe bog agus rite a cheadú saoirse mór gluaiseachta as well as breathability.Réimse na dathanna ar fáil. </p>,/content/dam/geometrixx-outdoors/products/shorts/Fiji Red.jpg,/content/dam/geometrixx-outdoors/products/shorts/Fiji Red.jpg,0
wmapfs.r_2,-2,Fiji Spóirt Dearg,Bríste Gearr Reatha do na Mná,<p>Fabraic cadás-bhunaithe bog agus rite a cheadú saoirse mór gluaiseachta as well as breathability.Réimse na dathanna ar fáil. </p>,/content/dam/geometrixx-outdoors/products/shorts/Fiji Red.jpg,/content/dam/geometrixx-outdoors/products/shorts/Fiji Red.jpg,0
wmapfs.r_3,-2,Fiji Spóirt Dearg,Bríste Gearr Reatha do na Mná,<p>Fabraic cadás-bhunaithe bog agus rite a cheadú saoirse mór gluaiseachta as well as breathability.Réimse na dathanna ar fáil. </p>,/content/dam/geometrixx-outdoors/products/shorts/Fiji Red.jpg,/content/dam/geometrixx-outdoors/products/shorts/Fiji Red.jpg,0
wmapmm,-2,Maui Mara,Léine Cadás do na Mná,<p>Cadás éadrom i réimse na dathanna. Foirfe don dá oibriú amach nó scíth a ligean sa bhaile.</p>,/content/dam/geometrixx-outdoors/products/shirt/Maui.jpg,/content/dam/geometrixx-outdoors/products/shirt/Maui.jpg,0
wmapmm_1,-2,Maui Mara,Léine Cadás do na Mná,<p>Cadás éadrom i réimse na dathanna. Foirfe don dá oibriú amach nó scíth a ligean sa bhaile.</p>,/content/dam/geometrixx-outdoors/products/shirt/Maui.jpg,/content/dam/geometrixx-outdoors/products/shirt/Maui.jpg,0
wmapmm_2,-2,Maui Mara,Léine Cadás do na Mná,<p>Cadás éadrom i réimse na dathanna. Foirfe don dá oibriú amach nó scíth a ligean sa bhaile.</p>,/content/dam/geometrixx-outdoors/products/shirt/Maui.jpg,/content/dam/geometrixx-outdoors/products/shirt/Maui.jpg,0
wmapmm_3,-2,Maui Mara,Léine Cadás do na Mná,<p>Cadás éadrom i réimse na dathanna. Foirfe don dá oibriú amach nó scíth a ligean sa bhaile.</p>,/content/dam/geometrixx-outdoors/products/shirt/Maui.jpg,/content/dam/geometrixx-outdoors/products/shirt/Maui.jpg,0
wmapmm_4,-2,Maui Mara,Léine Cadás do na Mná,<p>Cadás éadrom i réimse na dathanna. Foirfe don dá oibriú amach nó scíth a ligean sa bhaile.</p>,/content/dam/geometrixx-outdoors/products/shirt/Maui.jpg,/content/dam/geometrixx-outdoors/products/shirt/Maui.jpg,0
wmapmm_5,-2,Maui Mara,Léine Cadás do na Mná,<p>Cadás éadrom i réimse na dathanna. Foirfe don dá oibriú amach nó scíth a ligean sa bhaile.</p>,/content/dam/geometrixx-outdoors/products/shirt/Maui.jpg,/content/dam/geometrixx-outdoors/products/shirt/Maui.jpg,0
wmapnh,-2,Norfolk Highland,Women's Poncho,<p>100% New Zealand wool poncho with shoulder clasp. Soft and non-scratchy. Perfect for cool autumn days.</p>,/content/dam/geometrixx-outdoors/products/pancho/Norfolk.jpg,/content/dam/geometrixx-outdoors/products/pancho/Norfolk.jpg,0
wmapnh_1,-2,Norfolk Highland,Women's Poncho,<p>100% New Zealand wool poncho with shoulder clasp. Soft and non-scratchy. Perfect for cool autumn days.</p>,/content/dam/geometrixx-outdoors/products/pancho/Norfolk.jpg,/content/dam/geometrixx-outdoors/products/pancho/Norfolk.jpg,0
wmapnh_2,-2,Norfolk Highland,Women's Poncho,<p>100% New Zealand wool poncho with shoulder clasp. Soft and non-scratchy. Perfect for cool autumn days.</p>,/content/dam/geometrixx-outdoors/products/pancho/Norfolk.jpg,/content/dam/geometrixx-outdoors/products/pancho/Norfolk.jpg,0
wmappl,-2,Palau Samhradh,Léine Cadás do na Mná,<p>Lightweight cotton in a variety of colors. Perfect for both working out or lounging around at home.</p>,/content/dam/geometrixx-outdoors/products/shirt/Palau Red.jpg,/content/dam/geometrixx-outdoors/products/shirt/Palau Red.jpg,0
wmappl.1_1,-2,Palau Samhradh Dearg,Léine Cadás do na Mná,<p>Cadás éadrom i réimse na dathanna. Foirfe don dá oibriú amach nó scíth a ligean sa bhaile.</p>,/content/dam/geometrixx-outdoors/products/shirt/Palau Red.jpg,/content/dam/geometrixx-outdoors/products/shirt/Palau Red.jpg,0
wmappl.1_2,-2,Palau Samhradh Dearg,Léine Cadás do na Mná,<p>Cadás éadrom i réimse na dathanna. Foirfe don dá oibriú amach nó scíth a ligean sa bhaile.</p>,/content/dam/geometrixx-outdoors/products/shirt/Palau Red.jpg,/content/dam/geometrixx-outdoors/products/shirt/Palau Red.jpg,0
wmappl.1_3,-2,Palau Samhradh Dearg,Léine Cadás do na Mná,<p>Cadás éadrom i réimse na dathanna. Foirfe don dá oibriú amach nó scíth a ligean sa bhaile.</p>,/content/dam/geometrixx-outdoors/products/shirt/Palau Red.jpg,/content/dam/geometrixx-outdoors/products/shirt/Palau Red.jpg,0
wmappl.1_4,-2,Palau Samhradh Dearg,Léine Cadás do na Mná,<p>Cadás éadrom i réimse na dathanna. Foirfe don dá oibriú amach nó scíth a ligean sa bhaile.</p>,/content/dam/geometrixx-outdoors/products/shirt/Palau Red.jpg,/content/dam/geometrixx-outdoors/products/shirt/Palau Red.jpg,0
wmappl.1_5,-2,Palau Samhradh Dearg,Léine Cadás do na Mná,<p>Cadás éadrom i réimse na dathanna. Foirfe don dá oibriú amach nó scíth a ligean sa bhaile.</p>,/content/dam/geometrixx-outdoors/products/shirt/Palau Red.jpg,/content/dam/geometrixx-outdoors/products/shirt/Palau Red.jpg,0
wmappl.2_1,-2,Palau Samhradh Dubh,Léine Cadás do na Mná,<p>Cadás éadrom i réimse na dathanna. Foirfe don dá oibriú amach nó scíth a ligean sa bhaile.</p>,/content/dam/geometrixx-outdoors/products/shirt/Palau Black.jpg,/content/dam/geometrixx-outdoors/products/shirt/Palau Black.jpg,0
wmappl.2_2,-2,Palau Samhradh Dubh,Léine Cadás do na Mná,<p>Cadás éadrom i réimse na dathanna. Foirfe don dá oibriú amach nó scíth a ligean sa bhaile.</p>,/content/dam/geometrixx-outdoors/products/shirt/Palau Black.jpg,/content/dam/geometrixx-outdoors/products/shirt/Palau Black.jpg,0
wmappl.2_3,-2,Palau Samhradh Dubh,Léine Cadás do na Mná,<p>Cadás éadrom i réimse na dathanna. Foirfe don dá oibriú amach nó scíth a ligean sa bhaile.</p>,/content/dam/geometrixx-outdoors/products/shirt/Palau Black.jpg,/content/dam/geometrixx-outdoors/products/shirt/Palau Black.jpg,0
wmappl.2_4,-2,Palau Samhradh Dubh,Léine Cadás do na Mná,<p>Cadás éadrom i réimse na dathanna. Foirfe don dá oibriú amach nó scíth a ligean sa bhaile.</p>,/content/dam/geometrixx-outdoors/products/shirt/Palau Black.jpg,/content/dam/geometrixx-outdoors/products/shirt/Palau Black.jpg,0
wmappl.2_5,-2,Palau Samhradh Dubh,Léine Cadás do na Mná,<p>Cadás éadrom i réimse na dathanna. Foirfe don dá oibriú amach nó scíth a ligean sa bhaile.</p>,/content/dam/geometrixx-outdoors/products/shirt/Palau Black.jpg,/content/dam/geometrixx-outdoors/products/shirt/Palau Black.jpg,0
wmapsp,-2,Saskatoon Parka,Women's Coat,"<p>The Saskatoon parka provides maximum protection in the coldest of weather. A storm shell combined with high-loft goose down ensures excellent protection from the elements, with the fur-lined hood keeping the wind and snow from your face.</p>",/content/dam/geometrixx-outdoors/products/coat/Saskatoon Purple.jpg,/content/dam/geometrixx-outdoors/products/coat/Saskatoon Purple.jpg,0
wmapsp.b_1,-2,Saskatoon Parka,Women's Coat,"<p>The Saskatoon parka provides maximum protection in the coldest of weather. A storm shell combined with high-loft goose down ensures excellent protection from the elements, with the fur-lined hood keeping the wind and snow from your face.</p>",/content/dam/geometrixx-outdoors/products/coat/Saskatoon Blue.jpg,/content/dam/geometrixx-outdoors/products/coat/Saskatoon Blue.jpg,0
wmapsp.p_1,-2,Saskatoon Parka,Women's Coat,"<p>The Saskatoon parka provides maximum protection in the coldest of weather. A storm shell combined with high-loft goose down ensures excellent protection from the elements, with the fur-lined hood keeping the wind and snow from your face.</p>",/content/dam/geometrixx-outdoors/products/coat/Saskatoon Purple.jpg,/content/dam/geometrixx-outdoors/products/coat/Saskatoon Purple.jpg,0
wmapsp.p_2,-2,Saskatoon Parka,Women's Coat,"<p>The Saskatoon parka provides maximum protection in the coldest of weather. A storm shell combined with high-loft goose down ensures excellent protection from the elements, with the fur-lined hood keeping the wind and snow from your face.</p>",/content/dam/geometrixx-outdoors/products/coat/Saskatoon Purple.jpg,/content/dam/geometrixx-outdoors/products/coat/Saskatoon Purple.jpg,0
wmapsp.p_3,-2,Saskatoon Parka,Women's Coat,"<p>The Saskatoon parka provides maximum protection in the coldest of weather. A storm shell combined with high-loft goose down ensures excellent protection from the elements, with the fur-lined hood keeping the wind and snow from your face.</p>",/content/dam/geometrixx-outdoors/products/coat/Saskatoon Purple.jpg,/content/dam/geometrixx-outdoors/products/coat/Saskatoon Purple.jpg,0
wmapsp.p_4,-2,Saskatoon Parka,Women's Coat,"<p>The Saskatoon parka provides maximum protection in the coldest of weather. A storm shell combined with high-loft goose down ensures excellent protection from the elements, with the fur-lined hood keeping the wind and snow from your face.</p>",/content/dam/geometrixx-outdoors/products/coat/Saskatoon Purple.jpg,/content/dam/geometrixx-outdoors/products/coat/Saskatoon Purple.jpg,0
wmapsp.p_5,-2,Saskatoon Parka,Women's Coat,"<p>The Saskatoon parka provides maximum protection in the coldest of weather. A storm shell combined with high-loft goose down ensures excellent protection from the elements, with the fur-lined hood keeping the wind and snow from your face.</p>",/content/dam/geometrixx-outdoors/products/coat/Saskatoon Purple.jpg,/content/dam/geometrixx-outdoors/products/coat/Saskatoon Purple.jpg,0
wmaptf,-2,Tonga Fashion,Women's Dress Pants,<p>Stylish flared pants made from high-quality denim. Durable double stitching with rivets for added strength. Perfect for casual evenings out.<br></p>,/content/dam/geometrixx-outdoors/products/pants/Tonga.jpg,/content/dam/geometrixx-outdoors/products/pants/Tonga.jpg,0
wmaptf_1,-2,Tonga Fashion,Women's Dress Pants,<p>Stylish flared pants made from high-quality denim. Durable double stitching with rivets for added strength. Perfect for casual evenings out.<br></p>,/content/dam/geometrixx-outdoors/products/pants/Tonga.jpg,/content/dam/geometrixx-outdoors/products/pants/Tonga.jpg,0
wmaptf_2,-2,Tonga Fashion,Women's Dress Pants,<p>Stylish flared pants made from high-quality denim. Durable double stitching with rivets for added strength. Perfect for casual evenings out.<br></p>,/content/dam/geometrixx-outdoors/products/pants/Tonga.jpg,/content/dam/geometrixx-outdoors/products/pants/Tonga.jpg,0
wmaptf_3,-2,Tonga Fashion,Women's Dress Pants,<p>Stylish flared pants made from high-quality denim. Durable double stitching with rivets for added strength. Perfect for casual evenings out.<br></p>,/content/dam/geometrixx-outdoors/products/pants/Tonga.jpg,/content/dam/geometrixx-outdoors/products/pants/Tonga.jpg,0
wmaptf_4,-2,Tonga Fashion,Women's Dress Pants,<p>Stylish flared pants made from high-quality denim. Durable double stitching with rivets for added strength. Perfect for casual evenings out.<br></p>,/content/dam/geometrixx-outdoors/products/pants/Tonga.jpg,/content/dam/geometrixx-outdoors/products/pants/Tonga.jpg,0
wmaptf_5,-2,Tonga Fashion,Women's Dress Pants,<p>Stylish flared pants made from high-quality denim. Durable double stitching with rivets for added strength. Perfect for casual evenings out.<br></p>,/content/dam/geometrixx-outdoors/products/pants/Tonga.jpg,/content/dam/geometrixx-outdoors/products/pants/Tonga.jpg,0
wmaptf_6,-2,Tonga Fashion,Women's Dress Pants,<p>Stylish flared pants made from high-quality denim. Durable double stitching with rivets for added strength. Perfect for casual evenings out.<br></p>,/content/dam/geometrixx-outdoors/products/pants/Tonga.jpg,/content/dam/geometrixx-outdoors/products/pants/Tonga.jpg,0
wmaptf_7,-2,Tonga Fashion,Women's Dress Pants,<p>Stylish flared pants made from high-quality denim. Durable double stitching with rivets for added strength. Perfect for casual evenings out.<br></p>,/content/dam/geometrixx-outdoors/products/pants/Tonga.jpg,/content/dam/geometrixx-outdoors/products/pants/Tonga.jpg,0
wmaptf_8,-2,Tonga Fashion,Women's Dress Pants,<p>Stylish flared pants made from high-quality denim. Durable double stitching with rivets for added strength. Perfect for casual evenings out.<br></p>,/content/dam/geometrixx-outdoors/products/pants/Tonga.jpg,/content/dam/geometrixx-outdoors/products/pants/Tonga.jpg,0
wmapth,-2,Tahiti Samhradh,Bríste Gearr do na Mná,<p>Compord agus stíl le chéile chun taitneamh a bhaint as an aimsir te. 100% cadá. Pócaí ar ais agus tosaigh. Fabraic a chomhracfaidh smáil.<br></p>,/content/dam/geometrixx-outdoors/products/shorts/Tahiti.jpg,/content/dam/geometrixx-outdoors/products/shorts/Tahiti.jpg,0
wmapth_1,-2,Tahiti Samhradh,Bríste Gearr do na Mná,<p>Compord agus stíl le chéile chun taitneamh a bhaint as an aimsir te. 100% cadá. Pócaí ar ais agus tosaigh. Fabraic a chomhracfaidh smáil.<br></p>,/content/dam/geometrixx-outdoors/products/shorts/Tahiti.jpg,/content/dam/geometrixx-outdoors/products/shorts/Tahiti.jpg,0
wmapth_2,-2,Tahiti Samhradh,Bríste Gearr do na Mná,<p>Compord agus stíl le chéile chun taitneamh a bhaint as an aimsir te. 100% cadá. Pócaí ar ais agus tosaigh. Fabraic a chomhracfaidh smáil.<br></p>,/content/dam/geometrixx-outdoors/products/shorts/Tahiti.jpg,/content/dam/geometrixx-outdoors/products/shorts/Tahiti.jpg,0
wmapth_3,-2,Tahiti Samhradh,Bríste Gearr do na Mná,<p>Compord agus stíl le chéile chun taitneamh a bhaint as an aimsir te. 100% cadá. Pócaí ar ais agus tosaigh. Fabraic a chomhracfaidh smáil.<br></p>,/content/dam/geometrixx-outdoors/products/shorts/Tahiti.jpg,/content/dam/geometrixx-outdoors/products/shorts/Tahiti.jpg,0
wmapth_4,-2,Tahiti Samhradh,Bríste Gearr do na Mná,<p>Compord agus stíl le chéile chun taitneamh a bhaint as an aimsir te. 100% cadá. Pócaí ar ais agus tosaigh. Fabraic a chomhracfaidh smáil.<br></p>,/content/dam/geometrixx-outdoors/products/shorts/Tahiti.jpg,/content/dam/geometrixx-outdoors/products/shorts/Tahiti.jpg,0
wmapth_5,-2,Tahiti Samhradh,Bríste Gearr do na Mná,<p>Compord agus stíl le chéile chun taitneamh a bhaint as an aimsir te. 100% cadá. Pócaí ar ais agus tosaigh. Fabraic a chomhracfaidh smáil.<br></p>,/content/dam/geometrixx-outdoors/products/shorts/Tahiti.jpg,/content/dam/geometrixx-outdoors/products/shorts/Tahiti.jpg,0
wmaptp,-2,Tupai Samhradh,Gúna do na Mná,<p>Cadás éadrom i réimse na dathanna. Foirfe don dá oibriú amach nó scíth a ligean sa bhaile.</p>,/content/dam/geometrixx-outdoors/products/shirt/Tupai.jpg,/content/dam/geometrixx-outdoors/products/shirt/Tupai.jpg,0
wmaptp_1,-2,Tupai Samhradh,Gúna do na Mná,<p>Cadás éadrom i réimse na dathanna. Foirfe don dá oibriú amach nó scíth a ligean sa bhaile.</p>,/content/dam/geometrixx-outdoors/products/shirt/Tupai.jpg,/content/dam/geometrixx-outdoors/products/shirt/Tupai.jpg,0
wmaptp_2,-2,Tupai Samhradh,Gúna do na Mná,<p>Cadás éadrom i réimse na dathanna. Foirfe don dá oibriú amach nó scíth a ligean sa bhaile.</p>,/content/dam/geometrixx-outdoors/products/shirt/Tupai.jpg,/content/dam/geometrixx-outdoors/products/shirt/Tupai.jpg,0
wmaptp_3,-2,Tupai Samhradh,Gúna do na Mná,<p>Cadás éadrom i réimse na dathanna. Foirfe don dá oibriú amach nó scíth a ligean sa bhaile.</p>,/content/dam/geometrixx-outdoors/products/shirt/Tupai.jpg,/content/dam/geometrixx-outdoors/products/shirt/Tupai.jpg,0
wmaptp_4,-2,Tupai Samhradh,Gúna do na Mná,<p>Cadás éadrom i réimse na dathanna. Foirfe don dá oibriú amach nó scíth a ligean sa bhaile.</p>,/content/dam/geometrixx-outdoors/products/shirt/Tupai.jpg,/content/dam/geometrixx-outdoors/products/shirt/Tupai.jpg,0
wmaptp_5,-2,Tupai Samhradh,Gúna do na Mná,<p>Cadás éadrom i réimse na dathanna. Foirfe don dá oibriú amach nó scíth a ligean sa bhaile.</p>,/content/dam/geometrixx-outdoors/products/shirt/Tupai.jpg,/content/dam/geometrixx-outdoors/products/shirt/Tupai.jpg,0
