CatalogEntryAttributeDictionaryAttributeRelationship,,,,,,,
PartNumber,AttributeIdentifier,ValueIdentifier,Value,LanguageId,Usage,Sequence,Delete
eqsmcz.1,gm-color,Cuzco Blue,,-1,Defining,1,
eqsmcz.2,gm-color,Cuzco Orange,,-1,Defining,2,
eqsmit_1,gm-shoe size,7,,-1,Defining,1,
eqsmit_10,gm-shoe size,11.5,,-1,Defining,1,
eqsmit_11,gm-shoe size,12,,-1,Defining,1,
eqsmit_12,gm-shoe size,13,,-1,Defining,1,
eqsmit_2,gm-shoe size,7.5,,-1,Defining,1,
eqsmit_3,gm-shoe size,8,,-1,Defining,1,
eqsmit_4,gm-shoe size,8.5,,-1,Defining,1,
eqsmit_5,gm-shoe size,9,,-1,Defining,1,
eqsmit_6,gm-shoe size,9.5,,-1,Defining,1,
eqsmit_7,gm-shoe size,10,,-1,Defining,1,
eqsmit_8,gm-shoe size,10.5,,-1,Defining,1,
eqsmit_9,gm-shoe size,11,,-1,Defining,1,
eqsmlg_1,gm-longboard-size,"9'2""",,-1,Defining,1,
eqsmlg_2,gm-longboard-size,"9'4""",,-1,Defining,1,
eqsmlg_3,gm-longboard-size,"9'6""",,-1,Defining,1,
eqsmlg_4,gm-longboard-size,"9'8""",,-1,Defining,1,
eqsmlg_5,gm-longboard-size,10',,-1,Defining,1,
eqsmlg_6,gm-longboard-size,"10'3""",,-1,Defining,1,
eqsmmr.1_1,gm-color,Pink,,-1,Defining,1,
eqsmmr.1_1,gm-shoe size,5,,-1,Defining,2,
eqsmmr.1_10,gm-color,Pink,,-1,Defining,1,
eqsmmr.1_10,gm-shoe size,9.5,,-1,Defining,2,
eqsmmr.1_11,gm-color,Pink,,-1,Defining,1,
eqsmmr.1_11,gm-shoe size,10,,-1,Defining,2,
eqsmmr.1_12,gm-color,Pink,,-1,Defining,1,
eqsmmr.1_12,gm-shoe size,10.5,,-1,Defining,2,
eqsmmr.1_13,gm-color,Pink,,-1,Defining,1,
eqsmmr.1_13,gm-shoe size,11,,-1,Defining,2,
eqsmmr.1_2,gm-color,Pink,,-1,Defining,1,
eqsmmr.1_2,gm-shoe size,5.5,,-1,Defining,2,
eqsmmr.1_3,gm-color,Pink,,-1,Defining,1,
eqsmmr.1_3,gm-shoe size,6,,-1,Defining,2,
eqsmmr.1_4,gm-color,Pink,,-1,Defining,1,
eqsmmr.1_4,gm-shoe size,6.5,,-1,Defining,2,
eqsmmr.1_5,gm-color,Pink,,-1,Defining,1,
eqsmmr.1_5,gm-shoe size,7,,-1,Defining,2,
eqsmmr.1_6,gm-color,Pink,,-1,Defining,1,
eqsmmr.1_6,gm-shoe size,7.5,,-1,Defining,2,
eqsmmr.1_7,gm-color,Pink,,-1,Defining,1,
eqsmmr.1_7,gm-shoe size,8,,-1,Defining,2,
eqsmmr.1_8,gm-color,Pink,,-1,Defining,1,
eqsmmr.1_8,gm-shoe size,8.5,,-1,Defining,2,
eqsmmr.1_9,gm-color,Pink,,-1,Defining,1,
eqsmmr.1_9,gm-shoe size,9,,-1,Defining,2,
eqsmmr.2_1,gm-color,Purple,,-1,Defining,1,
eqsmmr.2_1,gm-shoe size,5,,-1,Defining,2,
eqsmmr.2_10,gm-color,Purple,,-1,Defining,1,
eqsmmr.2_10,gm-shoe size,9.5,,-1,Defining,2,
eqsmmr.2_11,gm-color,Purple,,-1,Defining,1,
eqsmmr.2_11,gm-shoe size,10,,-1,Defining,2,
eqsmmr.2_12,gm-color,Purple,,-1,Defining,1,
eqsmmr.2_12,gm-shoe size,10.5,,-1,Defining,2,
eqsmmr.2_13,gm-color,Purple,,-1,Defining,1,
eqsmmr.2_13,gm-shoe size,11,,-1,Defining,2,
eqsmmr.2_2,gm-color,Purple,,-1,Defining,1,
eqsmmr.2_2,gm-shoe size,5.5,,-1,Defining,2,
eqsmmr.2_3,gm-color,Purple,,-1,Defining,1,
eqsmmr.2_3,gm-shoe size,6,,-1,Defining,2,
eqsmmr.2_4,gm-color,Purple,,-1,Defining,1,
eqsmmr.2_4,gm-shoe size,6.5,,-1,Defining,2,
eqsmmr.2_5,gm-color,Purple,,-1,Defining,1,
eqsmmr.2_5,gm-shoe size,7,,-1,Defining,2,
eqsmmr.2_6,gm-color,Purple,,-1,Defining,1,
eqsmmr.2_6,gm-shoe size,7.5,,-1,Defining,2,
eqsmmr.2_7,gm-color,Purple,,-1,Defining,1,
eqsmmr.2_7,gm-shoe size,8,,-1,Defining,2,
eqsmmr.2_8,gm-color,Purple,,-1,Defining,1,
eqsmmr.2_8,gm-shoe size,8.5,,-1,Defining,2,
eqsmmr.2_9,gm-color,Purple,,-1,Defining,1,
eqsmmr.2_9,gm-shoe size,9,,-1,Defining,2,
eqsmnn.b_1,gm-color,Black,,-1,Defining,1,
eqsmnn.b_1,gm-clothing-size,S,,-1,Defining,2,
eqsmnn.b_2,gm-color,Black,,-1,Defining,1,
eqsmnn.b_2,gm-clothing-size,M,,-1,Defining,2,
eqsmnn.b_3,gm-color,Black,,-1,Defining,1,
eqsmnn.b_3,gm-clothing-size,L,,-1,Defining,2,
eqsmnn.b_4,gm-color,Black,,-1,Defining,1,
eqsmnn.b_4,gm-clothing-size,XL,,-1,Defining,2,
eqsmnn.o_1,gm-color,Orange,,-1,Defining,1,
eqsmnn.o_1,gm-clothing-size,S,,-1,Defining,2,
eqsmnn.o_2,gm-color,Orange,,-1,Defining,1,
eqsmnn.o_2,gm-clothing-size,M,,-1,Defining,2,
eqsmnn.o_3,gm-color,Orange,,-1,Defining,1,
eqsmnn.o_3,gm-clothing-size,L,,-1,Defining,2,
eqsmnn.o_4,gm-color,Orange,,-1,Defining,1,
eqsmnn.o_4,gm-clothing-size,XL,,-1,Defining,2,
eqsmnr.b_1,gm-color,Blue,,-1,Defining,1,
eqsmnr.b_1,gm-shoe size,7,,-1,Defining,2,
eqsmnr.b_10,gm-color,Blue,,-1,Defining,1,
eqsmnr.b_10,gm-shoe size,11.5,,-1,Defining,2,
eqsmnr.b_11,gm-color,Blue,,-1,Defining,1,
eqsmnr.b_11,gm-shoe size,12,,-1,Defining,2,
eqsmnr.b_12,gm-color,Blue,,-1,Defining,1,
eqsmnr.b_12,gm-shoe size,13,,-1,Defining,2,
eqsmnr.b_2,gm-color,Blue,,-1,Defining,1,
eqsmnr.b_2,gm-shoe size,7.5,,-1,Defining,2,
eqsmnr.b_3,gm-color,Blue,,-1,Defining,1,
eqsmnr.b_3,gm-shoe size,8,,-1,Defining,2,
eqsmnr.b_4,gm-color,Blue,,-1,Defining,1,
eqsmnr.b_4,gm-shoe size,8.5,,-1,Defining,2,
eqsmnr.b_5,gm-color,Blue,,-1,Defining,1,
eqsmnr.b_5,gm-shoe size,9,,-1,Defining,2,
eqsmnr.b_6,gm-color,Blue,,-1,Defining,1,
eqsmnr.b_6,gm-shoe size,9.5,,-1,Defining,2,
eqsmnr.b_7,gm-color,Blue,,-1,Defining,1,
eqsmnr.b_7,gm-shoe size,10,,-1,Defining,2,
eqsmnr.b_8,gm-color,Blue,,-1,Defining,1,
eqsmnr.b_8,gm-shoe size,10.5,,-1,Defining,2,
eqsmnr.b_9,gm-color,Blue,,-1,Defining,1,
eqsmnr.b_9,gm-shoe size,11,,-1,Defining,2,
eqsmnr.g_1,gm-color,Green,,-1,Defining,1,
eqsmnr.g_1,gm-shoe size,7,,-1,Defining,2,
eqsmnr.g_10,gm-color,Green,,-1,Defining,1,
eqsmnr.g_10,gm-shoe size,11.5,,-1,Defining,2,
eqsmnr.g_11,gm-color,Green,,-1,Defining,1,
eqsmnr.g_11,gm-shoe size,12,,-1,Defining,2,
eqsmnr.g_12,gm-color,Green,,-1,Defining,1,
eqsmnr.g_12,gm-shoe size,13,,-1,Defining,2,
eqsmnr.g_2,gm-color,Green,,-1,Defining,1,
eqsmnr.g_2,gm-shoe size,7.5,,-1,Defining,2,
eqsmnr.g_3,gm-color,Green,,-1,Defining,1,
eqsmnr.g_3,gm-shoe size,8,,-1,Defining,2,
eqsmnr.g_4,gm-color,Green,,-1,Defining,1,
eqsmnr.g_4,gm-shoe size,8.5,,-1,Defining,2,
eqsmnr.g_5,gm-color,Green,,-1,Defining,1,
eqsmnr.g_5,gm-shoe size,9,,-1,Defining,2,
eqsmnr.g_6,gm-color,Green,,-1,Defining,1,
eqsmnr.g_6,gm-shoe size,9.5,,-1,Defining,2,
eqsmnr.g_7,gm-color,Green,,-1,Defining,1,
eqsmnr.g_7,gm-shoe size,10,,-1,Defining,2,
eqsmnr.g_8,gm-color,Green,,-1,Defining,1,
eqsmnr.g_8,gm-shoe size,10.5,,-1,Defining,2,
eqsmnr.g_9,gm-color,Green,,-1,Defining,1,
eqsmnr.g_9,gm-shoe size,11,,-1,Defining,2,
eqsmnr.p_1,gm-color,Pink,,-1,Defining,1,
eqsmnr.p_1,gm-shoe size,5,,-1,Defining,2,
eqsmnr.p_10,gm-color,Pink,,-1,Defining,1,
eqsmnr.p_10,gm-shoe size,9.5,,-1,Defining,2,
eqsmnr.p_11,gm-color,Pink,,-1,Defining,1,
eqsmnr.p_11,gm-shoe size,10,,-1,Defining,2,
eqsmnr.p_12,gm-color,Pink,,-1,Defining,1,
eqsmnr.p_12,gm-shoe size,10.5,,-1,Defining,2,
eqsmnr.p_13,gm-color,Pink,,-1,Defining,1,
eqsmnr.p_13,gm-shoe size,11,,-1,Defining,2,
eqsmnr.p_2,gm-color,Pink,,-1,Defining,1,
eqsmnr.p_2,gm-shoe size,5.5,,-1,Defining,2,
eqsmnr.p_3,gm-color,Pink,,-1,Defining,1,
eqsmnr.p_3,gm-shoe size,6,,-1,Defining,2,
eqsmnr.p_4,gm-color,Pink,,-1,Defining,1,
eqsmnr.p_4,gm-shoe size,6.5,,-1,Defining,2,
eqsmnr.p_5,gm-color,Pink,,-1,Defining,1,
eqsmnr.p_5,gm-shoe size,7,,-1,Defining,2,
eqsmnr.p_6,gm-color,Pink,,-1,Defining,1,
eqsmnr.p_6,gm-shoe size,7.5,,-1,Defining,2,
eqsmnr.p_7,gm-color,Pink,,-1,Defining,1,
eqsmnr.p_7,gm-shoe size,8,,-1,Defining,2,
eqsmnr.p_8,gm-color,Pink,,-1,Defining,1,
eqsmnr.p_8,gm-shoe size,8.5,,-1,Defining,2,
eqsmnr.p_9,gm-color,Pink,,-1,Defining,1,
eqsmnr.p_9,gm-shoe size,9,,-1,Defining,2,
eqsmtc_1,gm-clothing-size,M,,-1,Defining,1,
eqsmtc_2,gm-clothing-size,L,,-1,Defining,2,
eqwnbc_1,gm-clothing-size,S,,-1,Defining,1,
eqwnbc_2,gm-clothing-size,M,,-1,Defining,1,
eqwnbc_3,gm-clothing-size,L,,-1,Defining,1,
eqwnbf_1,gm-shoe size,7,,-1,Defining,1,
eqwnbf_10,gm-shoe size,11.5,,-1,Defining,1,
eqwnbf_11,gm-shoe size,12,,-1,Defining,1,
eqwnbf_12,gm-shoe size,13,,-1,Defining,1,
eqwnbf_2,gm-shoe size,7.5,,-1,Defining,1,
eqwnbf_3,gm-shoe size,8,,-1,Defining,1,
eqwnbf_4,gm-shoe size,8.5,,-1,Defining,1,
eqwnbf_5,gm-shoe size,9,,-1,Defining,1,
eqwnbf_6,gm-shoe size,9.5,,-1,Defining,1,
eqwnbf_7,gm-shoe size,10,,-1,Defining,1,
eqwnbf_8,gm-shoe size,10.5,,-1,Defining,1,
eqwnbf_9,gm-shoe size,11,,-1,Defining,1,
eqwnfr_1,gm-clothing-size,S,,-1,Defining,1,
eqwnfr_2,gm-clothing-size,M,,-1,Defining,1,
eqwnkm_1,gm-shoe size,7,,-1,Defining,1,
eqwnkm_2,gm-shoe size,8,,-1,Defining,1,
eqwnkm_3,gm-shoe size,9,,-1,Defining,1,
eqwnkm_4,gm-shoe size,10,,-1,Defining,1,
eqwnkm_5,gm-shoe size,11,,-1,Defining,1,
eqwnkm_6,gm-shoe size,12,,-1,Defining,1,
eqwnkm_7,gm-shoe size,13,,-1,Defining,1,
eqwnmt_1,gm-clothing-size,S,,-1,Defining,1,
eqwnmt_2,gm-clothing-size,M,,-1,Defining,1,
eqwnmt_3,gm-clothing-size,L,,-1,Defining,1,
eqwntb_1,gm-shoe size,7,,-1,Defining,1,
eqwntb_10,gm-shoe size,11.5,,-1,Defining,1,
eqwntb_11,gm-shoe size,12,,-1,Defining,1,
eqwntb_12,gm-shoe size,13,,-1,Defining,1,
eqwntb_2,gm-shoe size,7.5,,-1,Defining,1,
eqwntb_3,gm-shoe size,8,,-1,Defining,1,
eqwntb_4,gm-shoe size,8.5,,-1,Defining,1,
eqwntb_5,gm-shoe size,9,,-1,Defining,1,
eqwntb_6,gm-shoe size,9.5,,-1,Defining,1,
eqwntb_7,gm-shoe size,10,,-1,Defining,1,
eqwntb_8,gm-shoe size,10.5,,-1,Defining,1,
eqwntb_9,gm-shoe size,11,,-1,Defining,1,
eqwnwh_1,gm-snowboard-size,130cm,,-1,Defining,1,
eqwnwh_2,gm-snowboard-size,140cm,,-1,Defining,1,
eqwnwh_3,gm-snowboard-size,150cm,,-1,Defining,1,
eqwnwh_4,gm-snowboard-size,160cm,,-1,Defining,1,
mnapan_1,gm-clothing-size,S,,-1,Defining,1,
mnapan_2,gm-clothing-size,M,,-1,Defining,1,
mnapan_3,gm-clothing-size,L,,-1,Defining,1,
mnapan_4,gm-clothing-size,XL,,-1,Defining,1,
mnapbc_1,gm-clothing-size,XS,,-1,Defining,1,
mnapbc_2,gm-clothing-size,S,,-1,Defining,1,
mnapbc_3,gm-clothing-size,M,,-1,Defining,1,
mnapbc_4,gm-clothing-size,L,,-1,Defining,1,
mnapbc_5,gm-clothing-size,XL,,-1,Defining,1,
mnapbc_6,gm-clothing-size,XXL,,-1,Defining,1,
mnapew_1,gm-clothing-size,S,,-1,Defining,1,
mnapew_2,gm-clothing-size,M,,-1,Defining,1,
mnapew_3,gm-clothing-size,L,,-1,Defining,1,
mnapew_4,gm-clothing-size,XL,,-1,Defining,1,
mnapew_5,gm-clothing-size,XXL,,-1,Defining,1,
mnapjs.1_1,gm-color,Blue,,-1,Defining,1,
mnapjs.1_1,gm-clothing-size,S,,-1,Defining,2,
mnapjs.1_2,gm-color,Blue,,-1,Defining,1,
mnapjs.1_2,gm-clothing-size,M,,-1,Defining,2,
mnapjs.1_3,gm-color,Blue,,-1,Defining,1,
mnapjs.1_3,gm-clothing-size,L,,-1,Defining,2,
mnapjs.2_1,gm-color,Green,,-1,Defining,1,
mnapjs.2_1,gm-clothing-size,S,,-1,Defining,2,
mnapjs.2_2,gm-color,Green,,-1,Defining,1,
mnapjs.2_2,gm-clothing-size,M,,-1,Defining,2,
mnapjs.2_3,gm-color,Green,,-1,Defining,1,
mnapjs.2_3,gm-clothing-size,L,,-1,Defining,2,
mnapjs.2_4,gm-color,Green,,-1,Defining,1,
mnapjs.2_4,gm-clothing-size,XL,,-1,Defining,2,
mnapms.b_1,gm-color,Sport Blue,,-1,Defining,1,
mnapms.b_1,gm-clothing-size,S,,-1,Defining,2,
mnapms.b_2,gm-color,Sport Blue,,-1,Defining,1,
mnapms.b_2,gm-clothing-size,M,,-1,Defining,2,
mnapms.b_3,gm-color,Sport Blue,,-1,Defining,1,
mnapms.b_3,gm-clothing-size,L,,-1,Defining,2,
mnapms.r_1,gm-color,Sport Red,,-1,Defining,1,
mnapms.r_1,gm-clothing-size,S,,-1,Defining,2,
mnapms.r_2,gm-color,Sport Red,,-1,Defining,1,
mnapms.r_2,gm-clothing-size,M,,-1,Defining,2,
mnapms.r_3,gm-color,Sport Red,,-1,Defining,1,
mnapms.r_3,gm-clothing-size,L,,-1,Defining,2,
mnaptg_1,gm-clothing-size,S,,-1,Defining,1,
mnaptg_2,gm-clothing-size,M,,-1,Defining,1,
mnaptg_3,gm-clothing-size,L,,-1,Defining,1,
mnaptg_4,gm-clothing-size,XL,,-1,Defining,1,
snwncw_1,gm-clothing-size,S,,-1,Defining,1,
snwncw_2,gm-clothing-size,M,,-1,Defining,1,
snwncw_3,gm-clothing-size,L,,-1,Defining,1,
snwnms.1,gm-color,Red,,-1,Defining,1,
snwnms.2,gm-color,Pink,,-1,Defining,1,
snwnms.3,gm-color,Blue,,-1,Defining,1,
wmapaw.b_1,gm-color,Water Blue,,-1,Defining,1,
wmapaw.b_1,gm-clothing-size,S,,-1,Defining,2,
wmapaw.b_2,gm-color,Water Blue,,-1,Defining,1,
wmapaw.b_2,gm-clothing-size,M,,-1,Defining,2,
wmapaw.b_3,gm-color,Water Blue,,-1,Defining,1,
wmapaw.b_3,gm-clothing-size,L,,-1,Defining,2,
wmapaw.r_1,gm-color,Water Red,,-1,Defining,1,
wmapaw.r_1,gm-clothing-size,S,,-1,Defining,2,
wmapaw.r_2,gm-color,Water Red,,-1,Defining,1,
wmapaw.r_2,gm-clothing-size,M,,-1,Defining,2,
wmapaw.r_3,gm-color,Water Red,,-1,Defining,1,
wmapaw.r_3,gm-clothing-size,L,,-1,Defining,2,
wmapbb_1,gm-clothing-size,XS,,-1,Defining,1,
wmapbb_2,gm-clothing-size,S,,-1,Defining,1,
wmapbb_3,gm-clothing-size,M,,-1,Defining,1,
wmapbb_4,gm-clothing-size,L,,-1,Defining,1,
wmapbb_5,gm-clothing-size,XL,,-1,Defining,1,
wmapbz.c_1,gm-color,Cold,,-1,Defining,1,
wmapbz.w_1,gm-color,Warm,,-1,Defining,1,
wmapbz.w_2,gm-color,Warm,,-1,Defining,1,
wmapbz.w_3,gm-color,Warm,,-1,Defining,1,
wmapbz.c_1,gm-clothing-size,S,,-1,Defining,2,
wmapbz.w_1,gm-clothing-size,S,,-1,Defining,2,
wmapbz.w_2,gm-clothing-size,M,,-1,Defining,2,
wmapbz.w_3,gm-clothing-size,L,,-1,Defining,2,
wmapfs.b_1,gm-color,Blue,,-1,Defining,1,
wmapfs.b_2,gm-color,Blue,,-1,Defining,1,
wmapfs.b_3,gm-color,Blue,,-1,Defining,1,
wmapfs.b_4,gm-color,Blue,,-1,Defining,1,
wmapfs.b_5,gm-color,Blue,,-1,Defining,1,
wmapfs.r_1,gm-color,Red,,-1,Defining,1,
wmapfs.r_2,gm-color,Red,,-1,Defining,1,
wmapfs.r_3,gm-color,Red,,-1,Defining,1,
wmapfs.b_1,gm-clothing-size,XS,,-1,Defining,2,
wmapfs.b_2,gm-clothing-size,S,,-1,Defining,2,
wmapfs.b_3,gm-clothing-size,M,,-1,Defining,2,
wmapfs.b_4,gm-clothing-size,L,,-1,Defining,2,
wmapfs.b_5,gm-clothing-size,XL,,-1,Defining,2,
wmapfs.r_1,gm-clothing-size,S,,-1,Defining,2,
wmapfs.r_2,gm-clothing-size,M,,-1,Defining,2,
wmapfs.r_3,gm-clothing-size,L,,-1,Defining,2,
wmapmm_1,gm-clothing-size,XS,,-1,Defining,1,
wmapmm_2,gm-clothing-size,S,,-1,Defining,1,
wmapmm_3,gm-clothing-size,M,,-1,Defining,1,
wmapmm_4,gm-clothing-size,L,,-1,Defining,1,
wmapmm_5,gm-clothing-size,XL,,-1,Defining,1,
wmapnh_1,gm-clothing-size,S,,-1,Defining,1,
wmapnh_2,gm-clothing-size,L,,-1,Defining,1,
wmappl.1_1,gm-color,Red,,-1,Defining,1,
wmappl.1_2,gm-color,Red,,-1,Defining,1,
wmappl.1_3,gm-color,Red,,-1,Defining,1,
wmappl.1_4,gm-color,Red,,-1,Defining,1,
wmappl.1_5,gm-color,Red,,-1,Defining,1,
wmappl.2_1,gm-color,Black,,-1,Defining,1,
wmappl.2_2,gm-color,Black,,-1,Defining,1,
wmappl.2_3,gm-color,Black,,-1,Defining,1,
wmappl.2_4,gm-color,Black,,-1,Defining,1,
wmappl.2_5,gm-color,Black,,-1,Defining,1,
wmappl.1_1,gm-clothing-size,XS,,-1,Defining,2,
wmappl.1_2,gm-clothing-size,S,,-1,Defining,2,
wmappl.1_3,gm-clothing-size,M,,-1,Defining,2,
wmappl.1_4,gm-clothing-size,L,,-1,Defining,2,
wmappl.1_5,gm-clothing-size,XL,,-1,Defining,2,
wmappl.2_1,gm-clothing-size,XS,,-1,Defining,2,
wmappl.2_2,gm-clothing-size,S,,-1,Defining,2,
wmappl.2_3,gm-clothing-size,M,,-1,Defining,2,
wmappl.2_4,gm-clothing-size,L,,-1,Defining,2,
wmappl.2_5,gm-clothing-size,XL,,-1,Defining,2,
wmapsp.b_1,gm-color,Blue,,-1,Defining,1,
wmapsp.p_1,gm-color,Purple,,-1,Defining,1,
wmapsp.p_2,gm-color,Purple,,-1,Defining,1,
wmapsp.p_3,gm-color,Purple,,-1,Defining,1,
wmapsp.p_4,gm-color,Purple,,-1,Defining,1,
wmapsp.p_5,gm-color,Purple,,-1,Defining,1,
wmapsp.b_1,gm-clothing-size,M,,-1,Defining,2,
wmapsp.p_1,gm-clothing-size,XS,,-1,Defining,2,
wmapsp.p_2,gm-clothing-size,S,,-1,Defining,2,
wmapsp.p_3,gm-clothing-size,M,,-1,Defining,2,
wmapsp.p_4,gm-clothing-size,L,,-1,Defining,2,
wmapsp.p_5,gm-clothing-size,XL,,-1,Defining,2,
wmaptf_1,gm-pant_size,3,,-1,Defining,1,
wmaptf_2,gm-pant_size,4,,-1,Defining,1,
wmaptf_3,gm-pant_size,5,,-1,Defining,1,
wmaptf_4,gm-pant_size,6,,-1,Defining,1,
wmaptf_5,gm-pant_size,7,,-1,Defining,1,
wmaptf_6,gm-pant_size,8,,-1,Defining,1,
wmaptf_7,gm-pant_size,9,,-1,Defining,1,
wmaptf_8,gm-pant_size,10,,-1,Defining,1,
wmapth_1,gm-clothing-size,XS,,-1,Defining,1,
wmapth_2,gm-clothing-size,S,,-1,Defining,1,
wmapth_3,gm-clothing-size,M,,-1,Defining,1,
wmapth_4,gm-clothing-size,L,,-1,Defining,1,
wmapth_5,gm-clothing-size,XL,,-1,Defining,1,
wmaptp_1,gm-clothing-size,XS,,-1,Defining,1,
wmaptp_2,gm-clothing-size,S,,-1,Defining,1,
wmaptp_3,gm-clothing-size,M,,-1,Defining,1,
wmaptp_4,gm-clothing-size,L,,-1,Defining,1,
wmaptp_5,gm-clothing-size,XL,,-1,Defining,1,
eqsmmr,gm-features,,Extra lateral support,-1,Descriptive,1,
eqsmmr,gm-features,,Quick fasten velcro,-1,Descriptive,2,
eqsmmr,gm-features,,Elasticized upper for maximum comfort,-1,Descriptive,3,
eqsmnr,gm-features,,Lightweight upper with mesh windows for ventilation,-1,Descriptive,1,
eqsmnr,gm-features,,Impacto cusioning system delivers 30% more protection when running on hard surfaces,-1,Descriptive,2,
eqsmnr,gm-features,,Excellent ankle support,-1,Descriptive,3,
eqsmnr,gm-features,,Available in a variety of colors,-1,Descriptive,4,
eqwnbc,gm-features,,"Nortex outer shell provides wind and rain protection while allowing moisture to escape, keeping your hands warm and dry",-1,Descriptive,1,
eqwnbc,gm-features,,Superfleece lining provide 50% better insulation that standard fleece,-1,Descriptive,2,
eqwnbc,gm-features,,Long uppers to cover wrist and ensure that no snow gets in,-1,Descriptive,3,
eqwnwh,gm-features,,Geospan birchwood core,-1,Descriptive,1,
eqwnwh,gm-features,,Wood for core sustainably harvested in Finland,-1,Descriptive,2,
eqwnwh,gm-features,,Resilient Omnichrome finish,-1,Descriptive,3,
mnapan,gm-features,,Medium weight 99-to-1 cotton/lycra blend,-1,Descriptive,1,
mnapan,gm-features,,Uses our patented &quot;wick-weave&quot; design,-1,Descriptive,2,
mnapan,gm-features,,Odor-resistant,-1,Descriptive,3,
mnapan,gm-features,,"Available in five colors: sandstorm brown, fire engine red, sky blue, ice white and obsidian black",-1,Descriptive,4,
mnapan,gm-features,,&quot;No-tags&quot;. No annoying tags to scratch or catch,-1,Descriptive,5,
mnapan,gm-features,,Easy-wash- Guaranteed not to shrink in the dryer,-1,Descriptive,6,
mnapan,gm-features,,Double stitched for durability,-1,Descriptive,7,
mnapan,gm-features,,Available in sizes XS to XXL,-1,Descriptive,8,
mnapbc,gm-features,,Light weight 100% cotton,-1,Descriptive,1,
mnapbc,gm-features,,Odor-resistent,-1,Descriptive,2,
mnapbc,gm-features,,"Available in five colors: sandstorm brown, fire engine red, sky blue, ice white and obsidian black",-1,Descriptive,3,
mnapbc,gm-features,,Easy-wash: Guaranteed not to shrink in the dryer,-1,Descriptive,4,
mnapbc,gm-features,,Double stitched for durability,-1,Descriptive,5,
mnapbc,gm-features,,Available in sizes XS to XXL,-1,Descriptive,6,
mnapfn,gm-features,,Quick-dry fabric,-1,Descriptive,1,
mnapfn,gm-features,,Plenty of pockets,-1,Descriptive,2,
mnapfn,gm-features,,Zippable legs for conversion to shorts,-1,Descriptive,3,
mnapjs,gm-features,,"Lightweight, breathable cotton keeps you cool on hot summer days",-1,Descriptive,1,
mnapjs,gm-features,,Large pockets secure essentials like your keys and wallet,-1,Descriptive,2,
mnapjs,gm-features,,Comes in range of colors,-1,Descriptive,3,
mnapjs,gm-features,,"Easywash, pre-shrunk and stain-resistant",-1,Descriptive,4,
mnapms,gm-features,,"Lightweight, breathable cotton keeps you cool on hot summer days",-1,Descriptive,1,
mnapms,gm-features,,Large pockets secure essentials like your keys and wallet,-1,Descriptive,2,
mnapms,gm-features,,Comes in range of colors,-1,Descriptive,3,
mnapms,gm-features,,"Easywash, pre-shrunk and stain-resistant",-1,Descriptive,4,
mnaptg,gm-features,,"Lightweight, breathable cotton keeps you cool on hot summer days",-1,Descriptive,1,
mnaptg,gm-features,,Large pockets secure essentials like your keys and wallet,-1,Descriptive,2,
mnaptg,gm-features,,Comes in range of colors,-1,Descriptive,3,
mnaptg,gm-features,,"Easywash, pre-shrunk and stain-resistant",-1,Descriptive,4,
snwncw,gm-features,,"Nylon outer shell provides wind and rain protection while allowing moisture to escape, keeping you warm and dry",-1,Descriptive,1,
snwncw,gm-features,,High loft goose down provides the best lightweight insulation.,-1,Descriptive,2,
snwncw,gm-features,,High collar for warmth and protection,-1,Descriptive,3,
snwncw,gm-features,,Available in avariety of bright colors,-1,Descriptive,4,
wmapaw,gm-features,,Tough construction,-1,Descriptive,1,
wmapaw,gm-features,,Double seamed,-1,Descriptive,2,
wmapaw,gm-features,,Zippable ineternal pocket for your keys or credit cards,-1,Descriptive,3,
wmapaw,gm-features,,Comfortplus mesh lining,-1,Descriptive,4,
wmapbb,gm-features,,Lightweight cotton twill,-1,Descriptive,1,
wmapbb,gm-features,,Made in Thailand,-1,Descriptive,2,
wmapbb,gm-features,,Guaranteed sweatshop-free,-1,Descriptive,3,
wmapbz,gm-features,,Highest quality material,-1,Descriptive,1,
wmapbz,gm-features,,Made in China,-1,Descriptive,2,
wmapbz,gm-features,,Tons of colors,-1,Descriptive,3,
wmapfs,gm-features,,Cotton-lycra blend,-1,Descriptive,1,
wmapfs,gm-features,,Easywash,-1,Descriptive,2,
wmapfs,gm-features,,Guaranteed sweatshop-free,-1,Descriptive,3,
wmapfs,gm-features,,Made in Bangladesh,-1,Descriptive,4,
wmapmm,gm-features,,Lightweight cotton twill,-1,Descriptive,1,
wmapmm,gm-features,,Made in Thailand,-1,Descriptive,2,
wmapmm,gm-features,,Guaranteed sweatshop-free,-1,Descriptive,3,
wmapnh,gm-features,,100% wool,-1,Descriptive,1,
wmapnh,gm-features,,Made in New Zealand,-1,Descriptive,2,
wmapnh,gm-features,,Double shoulder clasp,-1,Descriptive,3,
wmapnh,gm-features,,Double knit for warmth,-1,Descriptive,4,
wmappl,gm-features,,Lightweight cotton twill,-1,Descriptive,1,
wmappl,gm-features,,Made in Thailand,-1,Descriptive,2,
wmappl,gm-features,,Guaranteed sweatshop-free,-1,Descriptive,3,
wmapsp,gm-features,,"Storm shell provides wind and rain protection while allowing moisture to escape, keeping you warm and dry",-1,Descriptive,1,
wmapsp,gm-features,,High loft goose down provides the best lightweight insulation.,-1,Descriptive,2,
wmapsp,gm-features,,Fur-lined hood for great protection in high wind conditions,-1,Descriptive,3,
wmapsp,gm-features,,Two high hand warmer pockets with fleece lining and two lower fleece lined pockets to keep your hands warm,-1,Descriptive,4,
wmapsp,gm-features,,Heavy duty rib knit cuffs and waistband to keep out cold winds and drafts,-1,Descriptive,5,
wmapsp,gm-features,,Inset sleeve design for comfort and improved fit,-1,Descriptive,6,
wmaptf,gm-features,,High quality denim,-1,Descriptive,1,
wmaptf,gm-features,,Reinforced rivets and buttons,-1,Descriptive,2,
wmaptf,gm-features,,Flattering and stylish cut,-1,Descriptive,3,
wmaptf,gm-features,,Machine washable,-1,Descriptive,4,
wmaptf,gm-features,,Made in France,-1,Descriptive,5,
wmapth,gm-features,,100% stain-resistant cotton,-1,Descriptive,1,
wmapth,gm-features,,Soft and comfortable,-1,Descriptive,2,
wmapth,gm-features,,Machine wash and dry,-1,Descriptive,3,
wmaptp,gm-features,,Lightweight cotton twill,-1,Descriptive,1,
wmaptp,gm-features,,Made in Thailand,-1,Descriptive,2,
wmaptp,gm-features,,Guaranteed sweatshop-free,-1,Descriptive,3,
eqsmmr,gm-features,,Tacaíocht bhreise cliathánach,-2,Descriptive,1,
eqsmmr,gm-features,,Taphaidh velcro a iamh,-2,Descriptive,2,
eqsmmr,gm-features,,Uachtair deantá leaisteacha do chompord uasta,-2,Descriptive,3,
mnapjs,gm-features,,Cadás thrécaoiltech éadrom a coinníonn tú fionnuar ar laethanta te ar tsamhraidh,-2,Descriptive,1,
mnapjs,gm-features,,Pócaí mór a connigh slán rudaí riachtanach cosúil do eochair agus sparán,-2,Descriptive,2,
mnapjs,gm-features,,Thagann sé i réimse na dathanna,-2,Descriptive,3,
mnapjs,gm-features,,Éasca a nigh agus a chomhracfaidh smáil,-2,Descriptive,4,
mnapms,gm-features,,Cadás thrécaoiltech éadrom a coinníonn tú fionnuar ar laethanta te ar tsamhraidh,-2,Descriptive,1,
mnapms,gm-features,,Pócaí mór a connigh slán rudaí riachtanach cosúil do eochair agus sparán,-2,Descriptive,2,
mnapms,gm-features,,Thagann sé i réimse na dathanna,-2,Descriptive,3,
mnapms,gm-features,,Éasca a nigh agus a chomhracfaidh smáil,-2,Descriptive,4,
mnaptg,gm-features,,Cadás thrécaoiltech éadrom a coinníonn tú fionnuar ar laethanta te ar tsamhraidh,-2,Descriptive,1,
mnaptg,gm-features,,Pócaí mór a connigh slán rudaí riachtanach cosúil do eochair agus sparán,-2,Descriptive,2,
mnaptg,gm-features,,Thagann sé i réimse na dathanna,-2,Descriptive,3,
mnaptg,gm-features,,Éasca a nigh agus a chomhracfaidh smáil,-2,Descriptive,4,
wmapbb,gm-features,,Cadás corrán éadrom,-2,Descriptive,1,
wmapbb,gm-features,,Rinneadh sa Téalainn,-2,Descriptive,2,
wmapbb,gm-features,,Ráthaithe monarcha dhúshaothair saor,-2,Descriptive,3,
wmapfs,gm-features,,Cadás-líocra meascán,-2,Descriptive,1,
wmapfs,gm-features,,Éasca a nigh,-2,Descriptive,2,
wmapfs,gm-features,,Ráthaithe monarcha dhúshaothair saor,-2,Descriptive,3,
wmapfs,gm-features,,Rinneadh sa Bhainglaidéis,-2,Descriptive,4,
wmapmm,gm-features,,Cadás corrán éadrom,-2,Descriptive,1,
wmapmm,gm-features,,Rinneadh sa Téalainn,-2,Descriptive,2,
wmapmm,gm-features,,Ráthaithe monarcha dhúshaothair saor,-2,Descriptive,3,
wmappl,gm-features,,Cadás corrán éadrom,-2,Descriptive,1,
wmappl,gm-features,,Rinneadh se Téalainn,-2,Descriptive,2,
wmappl,gm-features,,Ráthaithe monarcha dhúshaothair saor,-2,Descriptive,3,
wmapth,gm-features,,Cadás a chomhracfaidh smáil 100%,-2,Descriptive,1,
wmapth,gm-features,,Bog agus compordach,-2,Descriptive,2,
wmapth,gm-features,,Niochán meaisín agus tirim,-2,Descriptive,3,
wmaptp,gm-features,,Cadás corrán éadrom,-2,Descriptive,1,
wmaptp,gm-features,,Rinneadh sa Téalainn,-2,Descriptive,2,
wmaptp,gm-features,,Ráthaithe monarcha dhúshaothair saor,-2,Descriptive,3,
