CatalogGroup,,,,,,,,,,
GroupIdentifier,TopGroup,ParentGroupIdentifier,Sequence,Name,ShortDescription,LongDescription,Thumbnail,FullImage,Keyword,Delete
Equipment,TRUE,,1,Equipment,Equipment,,,,,
Womens,TRUE,,2,Women,Women,,,,,
Mens,TRUE,,3,Men,Men,,,,,
Seasonal,TRUE,,4,Seasonal,Seasonal,,,,,
Summer Equipment,,Equipment,1,Summer,Summer,,,,,
Winter Equipment,,Equipment,2,Winter,Winter,,,,,
Womens Apparel,,Womens,1,Apparel,Apparel,,,,,
Mens Apparel,,Mens,1,Apparel,Apparel,,,,,
Seasonal Summer,,Seasonal,1,Summer,Summer,,,,,
Seasonal Winter,,Seasonal,2,Winter,Winter,,,,,
