<?xml version="1.0" encoding="UTF-8"?>
<jcr:root xmlns:sling="http://sling.apache.org/jcr/sling/1.0" xmlns:cq="http://www.day.com/jcr/cq/1.0" xmlns:jcr="http://www.jcp.org/jcr/1.0" xmlns:nt="http://www.jcp.org/jcr/nt/1.0"
    jcr:primaryType="nt:unstructured"
    jcr:title="Hello World"
    sling:resourceType="cq/gui/components/authoring/dialog">
    <content
        jcr:primaryType="nt:unstructured"
        sling:resourceType="granite/ui/components/coral/foundation/tabs"
        size="L">
        <items jcr:primaryType="nt:unstructured">
            <message
                jcr:primaryType="nt:unstructured"
                jcr:title="Message"
                sling:resourceType="granite/ui/components/coral/foundation/fixedcolumns">
                <items jcr:primaryType="nt:unstructured">
                    <column
                        jcr:primaryType="nt:unstructured"
                        sling:resourceType="granite/ui/components/coral/foundation/container">
                        <items jcr:primaryType="nt:unstructured">
                            <message
                                jcr:primaryType="nt:unstructured"
                                sling:resourceType="granite/ui/components/coral/foundation/form/textfield"
                                fieldDescription="Message for component to display"
                                fieldLabel="Message"
                                name="./message"/>
                        </items>
                    </column>
                </items>
            </message>
            <sequence
                jcr:primaryType="nt:unstructured"
                jcr:title="Sequence"
                sling:resourceType="granite/ui/components/coral/foundation/fixedcolumns">
                <items jcr:primaryType="nt:unstructured">
                    <column
                        jcr:primaryType="nt:unstructured"
                        sling:resourceType="granite/ui/components/coral/foundation/container">
                        <items jcr:primaryType="nt:unstructured">
                            <duration
                                jcr:primaryType="nt:unstructured"
                                sling:resourceType="granite/ui/components/coral/foundation/form/numberfield"
                                defaultValue=""
                                fieldDescription="Amount of time the image will be shown in the sequence, in milliseconds"
                                fieldLabel="Duration (ms)"
                                min="0"
                                name="./duration"/>
                        </items>
                    </column>
                </items>
            </sequence>
        </items>
    </content>
</jcr:root>
