<?xml version="1.0" encoding="UTF-8"?><afData>
  <afUnboundData>
    <data>
      <name>NoGoodName</name>
    </data>
  </afUnboundData>
  <afBoundData>
    <data>
      <assignmentDetails descriptionOfAssignment="Some Science Project" durationOfAssignment="34" financeRelatedProject="1" name="Lisa" numberOfMentees="1"/>
      <assignmentDetails descriptionOfAssignment="Kidding, right?" durationOfAssignment="4" financeRelatedProject="1" name="House" numberOfMentees="3"/>
    </data>
  </afBoundData>
</afData>
