<?xml version="1.0" encoding="UTF-8"?>
<jcr:root xmlns:oak="http://jackrabbit.apache.org/oak/ns/1.0" xmlns:sling="http://sling.apache.org/jcr/sling/1.0" xmlns:jcr="http://www.jcp.org/jcr/1.0" xmlns:rep="internal"
    jcr:mixinTypes="[rep:AccessControllable]"
    jcr:primaryType="sling:OrderedFolder">
    <rep:policy/>
    <dam/>
    <usergenerated/>
    <projects/>
    <campaigns/>
    <phonegap/>
    <mobileapps/>
    <launches/>
    <publications/>
    <entities/>
    <screens/>
    <communities/>
    <sites/>
    <dermis/>
    <fd/>
    <forms/>
    <apps/>
    <xfaforms/>
    <community-components/>
    <catalogs/>
    <experience-fragments/>
    <we-retail/>
    <oak:index/>
    <radio.xml/>
    <sample1data.xml/>
    <_x0032_2.xml/>
    <af.xml/>
    <dt.xml/>
    <geometrixx/>
    <aftest/>
    <Progressive_View_Automation/>
    <pvAutomation/>
    <testRest/>
    <afapp/>
    <afapp2/>
    <None_lazy.xml/>
    <xdp_lazy.xml/>
    <xsd_lazy.xml/>
    <SchemaGen/>
    <XdpToAfApi.xml/>
    <tandc.xml/>
    <simpleregex.xml/>
    <prefillservice.xml/>
    <xdpregex.xml/>
    <xsdregex.xml/>
    <indexmapping.xml/>
    <htmlnone.xml/>
    <htmlxdp.xml/>
    <htmlxsd.xml/>
    <htmlcomponentrepeatable.xml/>
    <content.xml/>
    <aemds/>
    <geometrixx-outdoors/>
    <geometrixx-outdoors-mobile/>
    <geometrixx-media/>
    <geometrixx-gov/>
    <geometrixx-gov-data/>
</jcr:root>
