<?xml version="1.0" encoding="UTF-8"?>
<jcr:root xmlns:sling="http://sling.apache.org/jcr/sling/1.0" xmlns:cq="http://www.day.com/jcr/cq/1.0" xmlns:jcr="http://www.jcp.org/jcr/1.0" xmlns:nt="http://www.jcp.org/jcr/nt/1.0"
    jcr:isCheckedOut="{Boolean}false"
    jcr:primaryType="cq:WorkflowModel"
    jcr:uuid="1baa1c79-8b45-4a6d-a047-745c5244c97d"
    sling:resourceType="cq/workflow/components/model"
    description="No Description"
    title="ALL-In-One-Model">
    <metaData
        cq:lastModified="{Long}1492685907276"
        cq:lastModifiedBy="admin"
        jcr:primaryType="nt:unstructured"
        workflowStages="[Loan request,Loan request status,To be signed loan documents,Signed loan document]"/>
    <nodes jcr:primaryType="nt:unstructured">
        <node0
            jcr:primaryType="cq:WorkflowNode"
            title="Start"
            type="START">
            <metaData jcr:primaryType="nt:unstructured"/>
        </node0>
        <node1
            jcr:primaryType="cq:WorkflowNode"
            description="Task to review the laon request."
            title="Loan-Request"
            type="PROCESS">
            <metaData
                jcr:primaryType="nt:unstructured"
                AF_PATH="/content/dam/formsanddocuments/workflowcapacity/mortgageapplicationform"
                DELEGATE_TO="workflow-users"
                DOR_PATH="dor1.pdf"
                DUEDATE_UNIT="DAYS"
                DUEDATE_VALUE="1"
                FORM_TYPE="READ_ONLY_AF"
                HISTORY_DOR="PDF"
                HTML_EMAIL_TEMPLATE_LOCATION="/libs/fd/dashboard/templates/email/htmlEmailTemplate.txt"
                INPUT_DATAXML="data.xml"
                INPUT_FORM_ATTACHMENTS="data"
                IS_ATTACHMENT_ALLOWED="true"
                IS_COMMENT_ALLOWED="true"
                IS_NEXT_STEP_DATA_ALLOWED="true"
                IS_PREVIOUS_STEP_DATA_ALLOWED="true"
                OUTPUT_DATAXML="data1.xml"
                OUTPUT_FORM_ATTACHMENTS="data1"
                OUTPUT_STEP_ATTACHMENTS="task-edit"
                PARTICIPANT="workflow-users"
                PROCESS="com.adobe.fd.workspace.step.service.AssignFormStep"
                PROCESS_AUTO_ADVANCE="false"
                PROCESS_PARTICIPANT_TYPE="static"
                PROVIDE_METADATA="true"
                ROUTE_PROPERTYNAME="actionTaken"
                ROUTES="[{&quot;Route_Label&quot;:&quot;Approve&quot;\,&quot;Route_Icon_Name&quot;:&quot;check&quot;},{&quot;Route_Label&quot;:&quot;Reject&quot;\,&quot;Route_Icon_Name&quot;:&quot;close&quot;}]"
                SEND_EMAIL_NOTIFICATION="true"
                SHOW_ACTION="true"
                SHOW_ASSIGNEE="true"
                SHOW_COMMENT="true"
                SHOW_DOCUMENT_OF_COMPLETED_TASK="true"
                SHOW_PRE_STEP_COMMENT_ATTACHMENT="true"
                SHOW_RESET="true"
                SHOW_SAVE="true"
                STATIC_ASSIGNEE="admin"
                SUBTYPE="forms:assigntask"
                TASK_PRIORITY="HIGH"
                timeoutMillis="86400"
                WORK_ITEM_TYPE="AF_ASSIGN_STEP"
                workflowStage="Loan request"/>
        </node1>
        <node2
            jcr:primaryType="cq:WorkflowNode"
            title="OR_SPLIT"
            type="OR_SPLIT">
            <metaData jcr:primaryType="nt:unstructured"/>
        </node2>
        <node3
            jcr:primaryType="cq:WorkflowNode"
            title="OR_JOIN"
            type="OR_JOIN">
            <metaData jcr:primaryType="nt:unstructured"/>
        </node3>
        <node4
            jcr:primaryType="cq:WorkflowNode"
            description="Generate Document of Record"
            title="Generate Document of Record"
            type="PROCESS">
            <metaData
                jcr:primaryType="nt:unstructured"
                AF_PATH="/content/dam/formsanddocuments/workflowcapacity/mortgageapplicationform"
                DOR_PATH="RELATIVE_PLOAD:gen-dor.pdf"
                INPUT_DATAXML="FOLDER_PAYLOAD:data.xml"
                LOCALE="en_US"
                PROCESS="com.adobe.fd.workflow.dorGeneration.AFtoDORStep"
                PROCESS_AUTO_ADVANCE="true"
                WORK_ITEM_TYPE="AF_TO_DOR_STEP"/>
        </node4>
        <node5
            jcr:primaryType="cq:WorkflowNode"
            description="Loan document has been prepared to be send for signature."
            title="Loan documents to be send for signature"
            type="PROCESS">
            <metaData
                jcr:primaryType="nt:unstructured"
                AF_PATH="/content/dam/formsanddocuments/workflowcapacity/mortgageapplicationform"
                DELEGATE_TO="workflow-users"
                DOR_PATH="dor1.pdf"
                DUEDATE_UNIT="HOURS"
                DUEDATE_VALUE="1"
                FORM_TYPE="PDF"
                HISTORY_DOR="READONLY_AF"
                HTML_EMAIL_TEMPLATE_LOCATION="/libs/fd/dashboard/templates/email/htmlEmailTemplate.txt"
                INPUT_DATAXML="data.xml"
                INPUT_FORM_ATTACHMENTS="data"
                IS_ATTACHMENT_ALLOWED="true"
                IS_COMMENT_ALLOWED="true"
                IS_NEXT_STEP_DATA_ALLOWED="true"
                IS_PREVIOUS_STEP_DATA_ALLOWED="true"
                OUTPUT_DATAXML="data1.xml"
                OUTPUT_FORM_ATTACHMENTS="data1"
                OUTPUT_STEP_ATTACHMENTS="task-edit"
                PARTICIPANT="workflow-users"
                PDF_PATH="gen-dor.pdf"
                PROCESS="com.adobe.fd.workspace.step.service.AssignFormStep"
                PROCESS_AUTO_ADVANCE="false"
                PROCESS_PARTICIPANT_TYPE="static"
                PROVIDE_METADATA="true"
                ROUTE_PROPERTYNAME="actionTaken"
                ROUTES="\{&quot;Route_Label&quot;:&quot;Send for signature&quot;,&quot;Route_Icon_Name&quot;:&quot;check&quot;}"
                SEND_EMAIL_NOTIFICATION="true"
                SHOW_ACTION="true"
                SHOW_ASSIGNEE="true"
                SHOW_COMMENT="true"
                SHOW_DOCUMENT_OF_COMPLETED_TASK="true"
                SHOW_PRE_STEP_COMMENT_ATTACHMENT="true"
                STATIC_ASSIGNEE="admin"
                SUBTYPE="forms:assigntask"
                TASK_PRIORITY="HIGH"
                timeoutMillis="3600"
                WORK_ITEM_TYPE="AF_ASSIGN_STEP"
                workflowStage="To be signed loan documents"/>
        </node5>
        <node6
            jcr:primaryType="cq:WorkflowNode"
            description="Sign Document"
            title="Sign Document"
            type="PROCESS">
            <metaData
                jcr:primaryType="nt:unstructured"
                FORM_WORK_ITEM_TYPE="ADOBESIGN_STEP"
                inputpath="FOLDER_PAYLOAD:gen-dor.pdf"
                locale="en_US"
                name="load21b-wf"
                output="RELATIVE_PLOAD:signed-dor.pdf"
                PROCESS="com.adobe.fd.workflow.adobesign.impl.AgreementCreation"
                PROCESS_AUTO_ADVANCE="false"
                PROCESS_PERSIST_ANONYMOUS_WORKITEM="true"
                reminderFrequency="DAILY_UNTIL_SIGNED"
                signatureFlow="SEQUENTIAL"
                signConfig="/etc/cloudservices/echosign/TestConnection2"
                signerDetails="Static"
                staticSigners="\{&quot;email&quot;:&quot;esigndummymail@gmail.com&quot;,&quot;authenticationType&quot;:&quot;socialLogin&quot;,&quot;countryCode&quot;:&quot;&quot;,&quot;phoneNumber&quot;:&quot;&quot;}"
                variableForStatus="adobeSignStatus"/>
        </node6>
        <node7
            jcr:primaryType="cq:WorkflowNode"
            description="Loan document has been signed."
            title="Loan document signed"
            type="PROCESS">
            <metaData
                jcr:primaryType="nt:unstructured"
                AF_PATH="/content/dam/formsanddocuments/workflowcapacity/mortgageapplicationform"
                DELEGATE_TO="workflow-users"
                DOR_PATH="dor1.pdf"
                DUEDATE_UNIT="HOURS"
                DUEDATE_VALUE="1"
                FORM_TYPE="PDF"
                HISTORY_DOR="READONLY_AF"
                HTML_EMAIL_TEMPLATE_LOCATION="/libs/fd/dashboard/templates/email/htmlEmailTemplate.txt"
                INPUT_DATAXML="data.xml"
                INPUT_FORM_ATTACHMENTS="data"
                IS_ATTACHMENT_ALLOWED="true"
                IS_COMMENT_ALLOWED="true"
                IS_NEXT_STEP_DATA_ALLOWED="true"
                IS_PREVIOUS_STEP_DATA_ALLOWED="true"
                OUTPUT_DATAXML="data1.xml"
                OUTPUT_FORM_ATTACHMENTS="data1"
                OUTPUT_STEP_ATTACHMENTS="task-edit"
                PARTICIPANT="workflow-users"
                PDF_PATH="signed-dor.pdf"
                PROCESS="com.adobe.fd.workspace.step.service.AssignFormStep"
                PROCESS_AUTO_ADVANCE="false"
                PROCESS_PARTICIPANT_TYPE="static"
                PROVIDE_METADATA="true"
                ROUTE_PROPERTYNAME="actionTaken"
                SEND_EMAIL_NOTIFICATION="true"
                SHOW_ACTION="true"
                SHOW_ASSIGNEE="true"
                SHOW_COMMENT="true"
                SHOW_DOCUMENT_OF_COMPLETED_TASK="true"
                SHOW_PRE_STEP_COMMENT_ATTACHMENT="true"
                SHOW_RESET="true"
                SHOW_SAVE="true"
                SHOW_SUBMIT="true"
                STATIC_ASSIGNEE="admin"
                SUBTYPE="forms:assigntask"
                TASK_PRIORITY="HIGH"
                timeoutMillis="3600"
                WORK_ITEM_TYPE="AF_ASSIGN_STEP"
                workflowStage="Signed loan document"/>
        </node7>
        <node8
            jcr:primaryType="cq:WorkflowNode"
            description="Create and Assign a task based on an adaptive form or document of record"
            title="Request-Rejected"
            type="PROCESS">
            <metaData
                jcr:primaryType="nt:unstructured"
                AF_PATH="/content/dam/formsanddocuments/workflowcapacity/mortgageapplicationform"
                DELEGATE_TO="workflow-users"
                DOR_PATH="dor1.pdf"
                DUEDATE_UNIT="DAYS"
                DUEDATE_VALUE="1"
                FORM_TYPE="READ_ONLY_AF"
                HISTORY_DOR="PDF"
                HTML_EMAIL_TEMPLATE_LOCATION="/libs/fd/dashboard/templates/email/htmlEmailTemplate.txt"
                INPUT_DATAXML="data.xml"
                INPUT_FORM_ATTACHMENTS="data"
                IS_ATTACHMENT_ALLOWED="true"
                IS_COMMENT_ALLOWED="true"
                IS_NEXT_STEP_DATA_ALLOWED="true"
                IS_PREVIOUS_STEP_DATA_ALLOWED="true"
                OUTPUT_DATAXML="data1.xml"
                OUTPUT_FORM_ATTACHMENTS="data1"
                OUTPUT_STEP_ATTACHMENTS="task-edit"
                PARTICIPANT="workflow-users"
                PROCESS="com.adobe.fd.workspace.step.service.AssignFormStep"
                PROCESS_AUTO_ADVANCE="false"
                PROCESS_PARTICIPANT_TYPE="static"
                PROVIDE_METADATA="true"
                ROUTE_PROPERTYNAME="actionTaken"
                SEND_EMAIL_NOTIFICATION="true"
                SHOW_ACTION="true"
                SHOW_ASSIGNEE="true"
                SHOW_COMMENT="true"
                SHOW_DOCUMENT_OF_COMPLETED_TASK="true"
                SHOW_PRE_STEP_COMMENT_ATTACHMENT="true"
                SHOW_RESET="true"
                SHOW_SAVE="true"
                SHOW_SUBMIT="true"
                STATIC_ASSIGNEE="admin"
                SUBTYPE="forms:assigntask"
                TASK_PRIORITY="HIGH"
                timeoutMillis="86400"
                WORK_ITEM_TYPE="AF_ASSIGN_STEP"
                workflowStage="Loan request status"/>
        </node8>
        <node9
            jcr:primaryType="cq:WorkflowNode"
            title="End"
            type="END">
            <metaData jcr:primaryType="nt:unstructured"/>
        </node9>
    </nodes>
    <transitions jcr:primaryType="nt:unstructured">
        <node0_x0023_node1
            jcr:primaryType="cq:WorkflowTransition"
            from="node0"
            rule=""
            to="node1">
            <metaData jcr:primaryType="nt:unstructured"/>
        </node0_x0023_node1>
        <node1_x0023_node2
            jcr:primaryType="cq:WorkflowTransition"
            from="node1"
            to="node2">
            <metaData jcr:primaryType="nt:unstructured"/>
        </node1_x0023_node2>
        <node2_x0023_node4
            jcr:primaryType="cq:WorkflowTransition"
            from="node2"
            rule="function check(){&#xa;   var action = workflowData.getMetaDataMap().get(&quot;actionTaken&quot;,&quot;&quot;);&#xa;log.info(&quot;action &quot; + action);&#xa;   return action==&quot;Approve&quot;;&#xa;}"
            to="node4">
            <metaData
                jcr:primaryType="nt:unstructured"
                isDefault="false"/>
        </node2_x0023_node4>
        <node4_x0023_node5
            jcr:primaryType="cq:WorkflowTransition"
            from="node4"
            rule=""
            to="node5">
            <metaData jcr:primaryType="nt:unstructured"/>
        </node4_x0023_node5>
        <node5_x0023_node6
            jcr:primaryType="cq:WorkflowTransition"
            from="node5"
            rule=""
            to="node6">
            <metaData jcr:primaryType="nt:unstructured"/>
        </node5_x0023_node6>
        <node6_x0023_node7
            jcr:primaryType="cq:WorkflowTransition"
            from="node6"
            rule=""
            to="node7">
            <metaData jcr:primaryType="nt:unstructured"/>
        </node6_x0023_node7>
        <node7_x0023_node3
            jcr:primaryType="cq:WorkflowTransition"
            from="node7"
            to="node3">
            <metaData jcr:primaryType="nt:unstructured"/>
        </node7_x0023_node3>
        <node2_x0023_node8
            jcr:primaryType="cq:WorkflowTransition"
            from="node2"
            rule="function check(){&#xa;   var action = workflowData.getMetaDataMap().get(&quot;actionTaken&quot;,&quot;&quot;);&#xa;log.info(&quot;action &quot; + action);&#xa;   return action==&quot;Reject&quot;;&#xa;}"
            to="node8">
            <metaData
                jcr:primaryType="nt:unstructured"
                isDefault="false"/>
        </node2_x0023_node8>
        <node8_x0023_node3
            jcr:primaryType="cq:WorkflowTransition"
            from="node8"
            to="node3">
            <metaData jcr:primaryType="nt:unstructured"/>
        </node8_x0023_node3>
        <node3_x0023_node9
            jcr:primaryType="cq:WorkflowTransition"
            from="node3"
            to="node9">
            <metaData jcr:primaryType="nt:unstructured"/>
        </node3_x0023_node9>
    </transitions>
</jcr:root>
