CurrentStoreIdentifier,PartNumber,CatEntryStoreIdentifier,FulfillmentCenterId,FulfillmentCenterName,Quantity,QuantityUnit,Delete
GMEsite,eqsmcj_1,GM CAS,,GMEsite,100,C62,0
GMEsite,eqsmcz.1,GM CAS,,GMEsite,100,C62,0
GMEsite,eqsmcz.2,GM CAS,,GMEsite,100,C62,0
GMEsite,eqsmdv_1,GM CAS,,GMEsite,100,C62,0
GMEsite,eqsmij_1,GM CAS,,GMEsite,100,C62,0
GMEsite,eqsmit_1,GM CAS,,GMEsite,100,C62,0
GMEsite,eqsmit_10,GM CAS,,GMEsite,100,C62,0
GMEsite,eqsmit_11,GM CAS,,GMEsite,100,C62,0
GMEsite,eqsmit_12,GM CAS,,GMEsite,100,C62,0
GMEsite,eqsmit_2,GM CAS,,GMEsite,100,C62,0
GMEsite,eqsmit_3,GM CAS,,GMEsite,100,C62,0
GMEsite,eqsmit_4,GM CAS,,GMEsite,100,C62,0
GMEsite,eqsmit_5,GM CAS,,GMEsite,100,C62,0
GMEsite,eqsmit_6,GM CAS,,GMEsite,100,C62,0
GMEsite,eqsmit_7,GM CAS,,GMEsite,100,C62,0
GMEsite,eqsmit_8,GM CAS,,GMEsite,100,C62,0
GMEsite,eqsmit_9,GM CAS,,GMEsite,100,C62,0
GMEsite,eqsmlg_1,GM CAS,,GMEsite,100,C62,0
GMEsite,eqsmlg_2,GM CAS,,GMEsite,100,C62,0
GMEsite,eqsmlg_3,GM CAS,,GMEsite,100,C62,0
GMEsite,eqsmlg_4,GM CAS,,GMEsite,100,C62,0
GMEsite,eqsmlg_5,GM CAS,,GMEsite,100,C62,0
GMEsite,eqsmlg_6,GM CAS,,GMEsite,100,C62,0
GMEsite,eqsmlt_1,GM CAS,,GMEsite,100,C62,0
GMEsite,eqsmmr.1_1,GM CAS,,GMEsite,100,C62,0
GMEsite,eqsmmr.1_10,GM CAS,,GMEsite,100,C62,0
GMEsite,eqsmmr.1_11,GM CAS,,GMEsite,100,C62,0
GMEsite,eqsmmr.1_12,GM CAS,,GMEsite,100,C62,0
GMEsite,eqsmmr.1_13,GM CAS,,GMEsite,100,C62,0
GMEsite,eqsmmr.1_2,GM CAS,,GMEsite,100,C62,0
GMEsite,eqsmmr.1_3,GM CAS,,GMEsite,100,C62,0
GMEsite,eqsmmr.1_4,GM CAS,,GMEsite,100,C62,0
GMEsite,eqsmmr.1_5,GM CAS,,GMEsite,100,C62,0
GMEsite,eqsmmr.1_6,GM CAS,,GMEsite,100,C62,0
GMEsite,eqsmmr.1_7,GM CAS,,GMEsite,100,C62,0
GMEsite,eqsmmr.1_8,GM CAS,,GMEsite,100,C62,0
GMEsite,eqsmmr.1_9,GM CAS,,GMEsite,100,C62,0
GMEsite,eqsmmr.2_1,GM CAS,,GMEsite,100,C62,0
GMEsite,eqsmmr.2_10,GM CAS,,GMEsite,100,C62,0
GMEsite,eqsmmr.2_11,GM CAS,,GMEsite,100,C62,0
GMEsite,eqsmmr.2_12,GM CAS,,GMEsite,100,C62,0
GMEsite,eqsmmr.2_13,GM CAS,,GMEsite,100,C62,0
GMEsite,eqsmmr.2_2,GM CAS,,GMEsite,100,C62,0
GMEsite,eqsmmr.2_3,GM CAS,,GMEsite,100,C62,0
GMEsite,eqsmmr.2_4,GM CAS,,GMEsite,100,C62,0
GMEsite,eqsmmr.2_5,GM CAS,,GMEsite,100,C62,0
GMEsite,eqsmmr.2_6,GM CAS,,GMEsite,100,C62,0
GMEsite,eqsmmr.2_7,GM CAS,,GMEsite,100,C62,0
GMEsite,eqsmmr.2_8,GM CAS,,GMEsite,100,C62,0
GMEsite,eqsmmr.2_9,GM CAS,,GMEsite,100,C62,0
GMEsite,eqsmnn.b_1,GM CAS,,GMEsite,100,C62,0
GMEsite,eqsmnn.b_2,GM CAS,,GMEsite,100,C62,0
GMEsite,eqsmnn.b_3,GM CAS,,GMEsite,100,C62,0
GMEsite,eqsmnn.b_4,GM CAS,,GMEsite,100,C62,0
GMEsite,eqsmnn.o_1,GM CAS,,GMEsite,100,C62,0
GMEsite,eqsmnn.o_2,GM CAS,,GMEsite,100,C62,0
GMEsite,eqsmnn.o_3,GM CAS,,GMEsite,100,C62,0
GMEsite,eqsmnn.o_4,GM CAS,,GMEsite,100,C62,0
GMEsite,eqsmnr.b_1,GM CAS,,GMEsite,100,C62,0
GMEsite,eqsmnr.b_2,GM CAS,,GMEsite,100,C62,0
GMEsite,eqsmnr.b_3,GM CAS,,GMEsite,100,C62,0
GMEsite,eqsmnr.b_4,GM CAS,,GMEsite,100,C62,0
GMEsite,eqsmnr.b_5,GM CAS,,GMEsite,100,C62,0
GMEsite,eqsmnr.b_6,GM CAS,,GMEsite,100,C62,0
GMEsite,eqsmnr.b_7,GM CAS,,GMEsite,100,C62,0
GMEsite,eqsmnr.b_8,GM CAS,,GMEsite,100,C62,0
GMEsite,eqsmnr.b_9,GM CAS,,GMEsite,100,C62,0
GMEsite,eqsmnr.b_10,GM CAS,,GMEsite,100,C62,0
GMEsite,eqsmnr.b_11,GM CAS,,GMEsite,100,C62,0
GMEsite,eqsmnr.b_12,GM CAS,,GMEsite,100,C62,0
GMEsite,eqsmnr.g_1,GM CAS,,GMEsite,100,C62,0
GMEsite,eqsmnr.g_2,GM CAS,,GMEsite,100,C62,0
GMEsite,eqsmnr.g_3,GM CAS,,GMEsite,100,C62,0
GMEsite,eqsmnr.g_4,GM CAS,,GMEsite,100,C62,0
GMEsite,eqsmnr.g_5,GM CAS,,GMEsite,100,C62,0
GMEsite,eqsmnr.g_6,GM CAS,,GMEsite,100,C62,0
GMEsite,eqsmnr.g_7,GM CAS,,GMEsite,100,C62,0
GMEsite,eqsmnr.g_8,GM CAS,,GMEsite,100,C62,0
GMEsite,eqsmnr.g_9,GM CAS,,GMEsite,100,C62,0
GMEsite,eqsmnr.g_10,GM CAS,,GMEsite,100,C62,0
GMEsite,eqsmnr.g_11,GM CAS,,GMEsite,100,C62,0
GMEsite,eqsmnr.g_12,GM CAS,,GMEsite,100,C62,0
GMEsite,eqsmnr.p_1,GM CAS,,GMEsite,100,C62,0
GMEsite,eqsmnr.p_2,GM CAS,,GMEsite,100,C62,0
GMEsite,eqsmnr.p_3,GM CAS,,GMEsite,100,C62,0
GMEsite,eqsmnr.p_4,GM CAS,,GMEsite,100,C62,0
GMEsite,eqsmnr.p_5,GM CAS,,GMEsite,100,C62,0
GMEsite,eqsmnr.p_6,GM CAS,,GMEsite,100,C62,0
GMEsite,eqsmnr.p_7,GM CAS,,GMEsite,100,C62,0
GMEsite,eqsmnr.p_8,GM CAS,,GMEsite,100,C62,0
GMEsite,eqsmnr.p_9,GM CAS,,GMEsite,100,C62,0
GMEsite,eqsmnr.p_10,GM CAS,,GMEsite,100,C62,0
GMEsite,eqsmnr.p_11,GM CAS,,GMEsite,100,C62,0
GMEsite,eqsmnr.p_12,GM CAS,,GMEsite,100,C62,0
GMEsite,eqsmnr.p_13,GM CAS,,GMEsite,100,C62,0
GMEsite,eqsmra_1,GM CAS,,GMEsite,100,C62,0
GMEsite,eqsmsm_1,GM CAS,,GMEsite,100,C62,0
GMEsite,eqsmsp_1,GM CAS,,GMEsite,100,C62,0
GMEsite,eqsmtc_1,GM CAS,,GMEsite,100,C62,0
GMEsite,eqsmtc_2,GM CAS,,GMEsite,100,C62,0
GMEsite,eqsmti_1,GM CAS,,GMEsite,100,C62,0
GMEsite,eqwnbc_1,GM CAS,,GMEsite,100,C62,0
GMEsite,eqwnbc_2,GM CAS,,GMEsite,100,C62,0
GMEsite,eqwnbc_3,GM CAS,,GMEsite,100,C62,0
GMEsite,eqwnbf_1,GM CAS,,GMEsite,100,C62,0
GMEsite,eqwnbf_10,GM CAS,,GMEsite,100,C62,0
GMEsite,eqwnbf_11,GM CAS,,GMEsite,100,C62,0
GMEsite,eqwnbf_12,GM CAS,,GMEsite,100,C62,0
GMEsite,eqwnbf_2,GM CAS,,GMEsite,100,C62,0
GMEsite,eqwnbf_3,GM CAS,,GMEsite,100,C62,0
GMEsite,eqwnbf_4,GM CAS,,GMEsite,100,C62,0
GMEsite,eqwnbf_5,GM CAS,,GMEsite,100,C62,0
GMEsite,eqwnbf_6,GM CAS,,GMEsite,100,C62,0
GMEsite,eqwnbf_7,GM CAS,,GMEsite,100,C62,0
GMEsite,eqwnbf_8,GM CAS,,GMEsite,100,C62,0
GMEsite,eqwnbf_9,GM CAS,,GMEsite,100,C62,0
GMEsite,eqwnfr_1,GM CAS,,GMEsite,100,C62,0
GMEsite,eqwnfr_2,GM CAS,,GMEsite,100,C62,0
GMEsite,eqwnkl_1,GM CAS,,GMEsite,100,C62,0
GMEsite,eqwnkm_1,GM CAS,,GMEsite,100,C62,0
GMEsite,eqwnkm_2,GM CAS,,GMEsite,100,C62,0
GMEsite,eqwnkm_3,GM CAS,,GMEsite,100,C62,0
GMEsite,eqwnkm_4,GM CAS,,GMEsite,100,C62,0
GMEsite,eqwnkm_5,GM CAS,,GMEsite,100,C62,0
GMEsite,eqwnkm_6,GM CAS,,GMEsite,100,C62,0
GMEsite,eqwnkm_7,GM CAS,,GMEsite,100,C62,0
GMEsite,eqwnkw_1,GM CAS,,GMEsite,100,C62,0
GMEsite,eqwnmt_1,GM CAS,,GMEsite,100,C62,0
GMEsite,eqwnmt_2,GM CAS,,GMEsite,100,C62,0
GMEsite,eqwnmt_3,GM CAS,,GMEsite,100,C62,0
GMEsite,eqwntb_1,GM CAS,,GMEsite,100,C62,0
GMEsite,eqwntb_10,GM CAS,,GMEsite,100,C62,0
GMEsite,eqwntb_11,GM CAS,,GMEsite,100,C62,0
GMEsite,eqwntb_12,GM CAS,,GMEsite,100,C62,0
GMEsite,eqwntb_2,GM CAS,,GMEsite,100,C62,0
GMEsite,eqwntb_3,GM CAS,,GMEsite,100,C62,0
GMEsite,eqwntb_4,GM CAS,,GMEsite,100,C62,0
GMEsite,eqwntb_5,GM CAS,,GMEsite,100,C62,0
GMEsite,eqwntb_6,GM CAS,,GMEsite,100,C62,0
GMEsite,eqwntb_7,GM CAS,,GMEsite,100,C62,0
GMEsite,eqwntb_8,GM CAS,,GMEsite,100,C62,0
GMEsite,eqwntb_9,GM CAS,,GMEsite,100,C62,0
GMEsite,eqwnwh_1,GM CAS,,GMEsite,100,C62,0
GMEsite,eqwnwh_2,GM CAS,,GMEsite,100,C62,0
GMEsite,eqwnwh_3,GM CAS,,GMEsite,100,C62,0
GMEsite,eqwnwh_4,GM CAS,,GMEsite,100,C62,0
GMEsite,mnapan_1,GM CAS,,GMEsite,100,C62,0
GMEsite,mnapan_2,GM CAS,,GMEsite,100,C62,0
GMEsite,mnapan_3,GM CAS,,GMEsite,100,C62,0
GMEsite,mnapan_4,GM CAS,,GMEsite,100,C62,0
GMEsite,mnapbc_1,GM CAS,,GMEsite,100,C62,0
GMEsite,mnapbc_2,GM CAS,,GMEsite,100,C62,0
GMEsite,mnapbc_3,GM CAS,,GMEsite,100,C62,0
GMEsite,mnapbc_4,GM CAS,,GMEsite,100,C62,0
GMEsite,mnapbc_5,GM CAS,,GMEsite,100,C62,0
GMEsite,mnapbc_6,GM CAS,,GMEsite,100,C62,0
GMEsite,mnapew_1,GM CAS,,GMEsite,100,C62,0
GMEsite,mnapew_2,GM CAS,,GMEsite,100,C62,0
GMEsite,mnapew_3,GM CAS,,GMEsite,100,C62,0
GMEsite,mnapew_4,GM CAS,,GMEsite,100,C62,0
GMEsite,mnapew_5,GM CAS,,GMEsite,100,C62,0
GMEsite,mnapfn_1,GM CAS,,GMEsite,100,C62,0
GMEsite,mnapjs.1_1,GM CAS,,GMEsite,100,C62,0
GMEsite,mnapjs.1_2,GM CAS,,GMEsite,100,C62,0
GMEsite,mnapjs.1_3,GM CAS,,GMEsite,100,C62,0
GMEsite,mnapjs.2_1,GM CAS,,GMEsite,100,C62,0
GMEsite,mnapjs.2_2,GM CAS,,GMEsite,100,C62,0
GMEsite,mnapjs.2_3,GM CAS,,GMEsite,100,C62,0
GMEsite,mnapjs.2_4,GM CAS,,GMEsite,100,C62,0
GMEsite,mnapms.b_1,GM CAS,,GMEsite,100,C62,0
GMEsite,mnapms.b_2,GM CAS,,GMEsite,100,C62,0
GMEsite,mnapms.b_3,GM CAS,,GMEsite,100,C62,0
GMEsite,mnapms.r_1,GM CAS,,GMEsite,100,C62,0
GMEsite,mnapms.r_2,GM CAS,,GMEsite,100,C62,0
GMEsite,mnapms.r_3,GM CAS,,GMEsite,100,C62,0
GMEsite,mnaptg_1,GM CAS,,GMEsite,100,C62,0
GMEsite,mnaptg_2,GM CAS,,GMEsite,100,C62,0
GMEsite,mnaptg_3,GM CAS,,GMEsite,100,C62,0
GMEsite,mnaptg_4,GM CAS,,GMEsite,100,C62,0
GMEsite,snsmmv_1,GM CAS,,GMEsite,100,C62,0
GMEsite,snwnbs_1,GM CAS,,GMEsite,100,C62,0
GMEsite,snwncw_1,GM CAS,,GMEsite,100,C62,0
GMEsite,snwncw_2,GM CAS,,GMEsite,100,C62,0
GMEsite,snwncw_3,GM CAS,,GMEsite,100,C62,0
GMEsite,snwnhw_1,GM CAS,,GMEsite,100,C62,0
GMEsite,snwnms.1,GM CAS,,GMEsite,100,C62,0
GMEsite,snwnms.2,GM CAS,,GMEsite,100,C62,0
GMEsite,snwnms.3,GM CAS,,GMEsite,100,C62,0
GMEsite,snwnsw_1,GM CAS,,GMEsite,100,C62,0
GMEsite,wmapaw.b_1,GM CAS,,GMEsite,100,C62,0
GMEsite,wmapaw.b_2,GM CAS,,GMEsite,100,C62,0
GMEsite,wmapaw.b_3,GM CAS,,GMEsite,100,C62,0
GMEsite,wmapaw.r_1,GM CAS,,GMEsite,100,C62,0
GMEsite,wmapaw.r_2,GM CAS,,GMEsite,100,C62,0
GMEsite,wmapaw.r_3,GM CAS,,GMEsite,100,C62,0
GMEsite,wmapbb_1,GM CAS,,GMEsite,100,C62,0
GMEsite,wmapbb_2,GM CAS,,GMEsite,100,C62,0
GMEsite,wmapbb_3,GM CAS,,GMEsite,100,C62,0
GMEsite,wmapbb_4,GM CAS,,GMEsite,100,C62,0
GMEsite,wmapbb_5,GM CAS,,GMEsite,100,C62,0
GMEsite,wmapbz.c_1,GM CAS,,GMEsite,100,C62,0
GMEsite,wmapbz.w_1,GM CAS,,GMEsite,100,C62,0
GMEsite,wmapbz.w_2,GM CAS,,GMEsite,100,C62,0
GMEsite,wmapbz.w_3,GM CAS,,GMEsite,100,C62,0
GMEsite,wmapfs.b_1,GM CAS,,GMEsite,100,C62,0
GMEsite,wmapfs.b_2,GM CAS,,GMEsite,100,C62,0
GMEsite,wmapfs.b_3,GM CAS,,GMEsite,100,C62,0
GMEsite,wmapfs.b_4,GM CAS,,GMEsite,100,C62,0
GMEsite,wmapfs.b_5,GM CAS,,GMEsite,100,C62,0
GMEsite,wmapfs.r_1,GM CAS,,GMEsite,100,C62,0
GMEsite,wmapfs.r_2,GM CAS,,GMEsite,100,C62,0
GMEsite,wmapfs.r_3,GM CAS,,GMEsite,100,C62,0
GMEsite,wmapmm_1,GM CAS,,GMEsite,100,C62,0
GMEsite,wmapmm_2,GM CAS,,GMEsite,100,C62,0
GMEsite,wmapmm_3,GM CAS,,GMEsite,100,C62,0
GMEsite,wmapmm_4,GM CAS,,GMEsite,100,C62,0
GMEsite,wmapmm_5,GM CAS,,GMEsite,100,C62,0
GMEsite,wmapnh_1,GM CAS,,GMEsite,100,C62,0
GMEsite,wmapnh_2,GM CAS,,GMEsite,100,C62,0
GMEsite,wmappl.1_1,GM CAS,,GMEsite,100,C62,0
GMEsite,wmappl.1_2,GM CAS,,GMEsite,100,C62,0
GMEsite,wmappl.1_3,GM CAS,,GMEsite,100,C62,0
GMEsite,wmappl.1_4,GM CAS,,GMEsite,100,C62,0
GMEsite,wmappl.1_5,GM CAS,,GMEsite,100,C62,0
GMEsite,wmappl.2_1,GM CAS,,GMEsite,100,C62,0
GMEsite,wmappl.2_2,GM CAS,,GMEsite,100,C62,0
GMEsite,wmappl.2_3,GM CAS,,GMEsite,100,C62,0
GMEsite,wmappl.2_4,GM CAS,,GMEsite,100,C62,0
GMEsite,wmappl.2_5,GM CAS,,GMEsite,100,C62,0
GMEsite,wmapsp.b_1,GM CAS,,GMEsite,100,C62,0
GMEsite,wmapsp.p_1,GM CAS,,GMEsite,100,C62,0
GMEsite,wmapsp.p_2,GM CAS,,GMEsite,100,C62,0
GMEsite,wmapsp.p_3,GM CAS,,GMEsite,100,C62,0
GMEsite,wmapsp.p_4,GM CAS,,GMEsite,100,C62,0
GMEsite,wmapsp.p_5,GM CAS,,GMEsite,100,C62,0
GMEsite,wmaptf_1,GM CAS,,GMEsite,100,C62,0
GMEsite,wmaptf_2,GM CAS,,GMEsite,100,C62,0
GMEsite,wmaptf_3,GM CAS,,GMEsite,100,C62,0
GMEsite,wmaptf_4,GM CAS,,GMEsite,100,C62,0
GMEsite,wmaptf_5,GM CAS,,GMEsite,100,C62,0
GMEsite,wmaptf_6,GM CAS,,GMEsite,100,C62,0
GMEsite,wmaptf_7,GM CAS,,GMEsite,100,C62,0
GMEsite,wmaptf_8,GM CAS,,GMEsite,100,C62,0
GMEsite,wmapth_1,GM CAS,,GMEsite,100,C62,0
GMEsite,wmapth_2,GM CAS,,GMEsite,100,C62,0
GMEsite,wmapth_3,GM CAS,,GMEsite,100,C62,0
GMEsite,wmapth_4,GM CAS,,GMEsite,100,C62,0
GMEsite,wmapth_5,GM CAS,,GMEsite,100,C62,0
GMEsite,wmaptp_1,GM CAS,,GMEsite,100,C62,0
GMEsite,wmaptp_2,GM CAS,,GMEsite,100,C62,0
GMEsite,wmaptp_3,GM CAS,,GMEsite,100,C62,0
GMEsite,wmaptp_4,GM CAS,,GMEsite,100,C62,0
GMEsite,wmaptp_5,GM CAS,,GMEsite,100,C62,0
